M102;Fuel Filter 1372444;
M104;Fuel Filter 20801-02121K/FC-1503;TCM
M105;Fuel Filter 23303-64010/FC-1104;Toyota Group
M106;Fuel Filter 23303-64010(Orginal);Toyota Series
M108;Fuel Filter FC-1007;
M109;Fuel Filter FC-1703;TYT 5FD25-30
M112;Fuel Filter FC-1001 / 220900;
M115;Fuel Filter FC-1804 / 16403-Z9000;Nissan
M118;Fuel Filter FC-1003;TYT 5FD60/80
M119;Fuel Filter EF-1002;Cat FD150
M120;Fuel Filter WK-731;Heli 10 Ton
M121;Fuel Filter FC-1806;Heli 10 Ton
M122;Fuel Filter FF-8813;China Forklift
M202;Oil Filter C-6202;Mith FD25
M204;Oil Filter 15208-13210;Forklift
M206;Oil Filter 15600-41010/C-1121;Toyota 7FD40
M207;Oil Filter 20801-01441K/C-1305;TCM FD70Z8
M208;Oil Filter 600-211-5240 / C-5604;Kom FD25/30-11/FD40-5
M211;Oil Filter C1110;Toyota Group
M212;Oil Filter 15601-76009-71 (Original);Toyota 8FD25
M220;Oil Filter C-1150/C-1109;Toyota 8FG25
M221;Oil Filter C-5703;Toyota 8FD60/80
M222;Oil Filter C-5704;
M223;Oil Filter C-5811;Caterpilar FD30
M224;Oil Filter C-1002;Kom FD30
M225;Oil Filter SFO 4013;Cat FD150
M226;Oil Filter C-1803;Nissan FD30
M227;Oil Filter C-1511;TCM FD25Z/30Z
M228;Oil Filter FO-3810;China Forklift
M301;Hydraulic Filter 67502-26600-71G;TYT 8FD25
M302;Hydraulic Filter 0019982301;
M304;Hydraulic Filter FOH-5910;TYT 7FD25
M305;Hydraulic Filter HC 18020;TYT 7FD25
M309;Hydraulic Oil Filter 0009839344;
M310;Hydraulic Filter(Suction) 0009831621;Linde E15
M311;Hydraulic Filter HC-7901;
M312;Hydraulic Filter 5FD80;5FD80
M313;Hydraulic Filter 400/0009831616;Linde E16c
M401;Air Filter P10-1275-7 1/2;Nissan SD22
M405;Air Filter A-5541;TYT 7FD40,45
M406;Air Filter A-1014-1;Kom FD40-70/5FD25-30
M407;Air Filter 83338 ;Kom FD25/30T-12
M408;Air Filter A-1126;TYT 7FD25/30
M410;Air Filter 0009839016V;
M412;Air Filter P77-7368;Linde H200
M415;Air Filter A5627/A-083;Toyota 3FD115
M416;Air Filter A-8505;Mitsubishi FD30
M417;Air Filter AS-5628;5FD80
M418;Air Filter A-7939;
M419;Air Filter A-6006;Cat DP150
M431;Knalpot Filter Adapter;
M445;Load Wheel 0029902329;Linde R14S
M446;Load Wheel 115033401;Crown RR5210
M447;Load Wheel 115032302;Crown RD5725
M448;Load Wheel 50052962;AM 22
M449;Load Wheel Hippo;
M450;Load Wheel Nylon Total Lifter CBD25;CBD25/HIPPO
M451;Load Wheel V12 ;Linde V12
M452;Load Wheel 50060757;AM 2200
M453;Load Wheel 80mm x 70mm;Krisbow
M454;Load Wheel 90mm;
M455;Load Wheel A-Truck ;A-Truck
M457;Load Wheel HL4043;Linde
M458;Load Wheel;AM 2200
M459;Load Wheel(Relining);
M460;Load Wheel (Guide) A-Truck New Series;Linde A-Truck New Series
M461;Load Wheel Linde Atruck;Atruck
M462;Load Wheel 0039903513;Linde L12
M463;Load Wheel M25 Nylon;Linde M25
M464;Load Wheel A-Truck New Series 0009903903;A-Truck New Series
M465;Load Wheel(Tyre Poly 13x5.5x9.5);RD5700 Series
M466;Load Wheel 0039933649;Linde T20AP
M467;Load Wheel 0039933603;Linde T20SP
M468;Load Wheel Relining(Guide Wheel);Linde V12
M469;Load Wheel Guide Relining;Linde A-Truck
M470;Drive Wheel Linde A-Truck Baru;Linde A-Truck New Series
M471;Drive Wheel M25 Polyurethane HL3979;
M472;Drive Wheel Linde L12;Linde L12
M473;Drive Wheel 150x50mm;Linde L12(Castor)
M474;Drive Wheel OD 360mm;Linde A-Truck
M475;Drive Wheel 330x193x145;TYT 7FBR18
M476;Drive Wheel V12(Relining);V12
M477;Drive Wheel Crown(Relining);RD5725
M478;Drive Wheel Nylon Total Lifter CBD25;CBD25/AM22
M478A;Drive Wheel PU 180x50mm;
M479;Drive Wheel L12(Relining);Linde L12
M480;Drive Wheel 200 x 50;Linde M25
M481;Castor Wheel 0039903575;
M482;Castor Wheel T20AP 0039903519;Linde T20AP
M483;Castor Wheel Crown(Relining);RR5200 & RD5725
M484;Castor Wheel L12(Relining);Linde L12
M485;Castor Wheel 350x90x80;TYT 7FBR18
M486;Drive Wheel 50303620;AM 22
M487;Castor Wheel 0009933803;Linde T20SP
M487A;Castor Wheel 0009933803 (Genuine);Linde T20SP
M488;Drive Wheel 0039902311;Linde R14/T20SP
M489;Drive Wheel 269/090187000;AM22
M491;Steer Wheel ;AM 2200
M493;Steer Wheel 71807700;AM2000
M494;Stabilizer Wheel 0039903515;Linde L12
M496;Drive Wheel 0029903814;Linde R14S
M501;Valve Actuation HL4059;Linde Handjack
M502;Valve Actuation 50137118;AM2000/2200
M503;Valve Actuation 50410215;
M504;Valve Actuation 128TA4456;CBD25/30
M521;Handle 50052903;AM 2200
M522;Handle 50410252;Jungheinrich
M551-;Kepala Aki Besar -;
M551+;Kepala Aki Besar +;
M552;Kepala Aki Kupu-Kupu;
M553;Terminal Tab Traction Battery;
M556;Male Joint TVH/100BA2938;Auto Filling
M557;Female Joint TVH/100BA2927;Auto Filling
M581;Radiator Coolant 500 ml;
M582;Radiator Coolant 4L;
M588;Brake Fluid 1/2 ltr DOT-3;
M589;Brake Fluid 1/2 ltr DOT-4;
M590;Brake Fluid 1 ltr DOT-4;
M596;Engine Oil Mobil S1000 (4L);Forklift Bensin
M601;Transmission Gauge;TYT 8FD25
M602;Transmission Gauge 32604-26610-71;TYT 8FD25
M606;Fuel Gauge 12V With Float;TYT 8FD30
M607;Fuel Gauge 24V With Float;Forklift 6-8 Ton
M611;Bonet Damper 7FD25;7FD25/30
M612;Bonet Damper 8FD25;TYT 8FD25
M621;Windowpanel Plexiglass 12005761;TYT 8FD25/30
M622;Windowpanel Plexiglass 12005760;TYT 8FD25/30
N101;Accelerator Cable 230C5-20201;TCM FD70Z8
N102;Accelerator Cable 26620-23660-71;TYT 7FD25/30 (2Z)
N103;Accelerator Cable 37219-TYB;Toyota 7FD25/30
N104;Accelerator Cable BP-1635;Kom FD25T-11
N105;Accelerator Cable 26620-23360-71;TYT 7FD25/30
N106;Accelerator Cable 26620-26620-71;TYT 8FD25/30
N107;Accelerator Cable 26620-26621-71;TYT (2Z)
N144;Belting A47;
N145;Belting A47;
N147;Belting A50;
N151;Belting B47;
N152;Belting B48;TYT 7FD40
N154;Belting B50;
N155;Belting B52;
N161;Belt For Flat Drive 0039265100;Linde L12
N191;Kursi Forklift;
N192;Kursi Forklift Jahitan;
N193;Kursi Forklift Toyota 8FD25/30;
N195;Control Current Cable 52223803003;Linde V12
N196;Control Current Cable 8397543;Linde V12
N198;Displacement Transducer Ex ;Linde V12
N201;Brake Cable 1580 mm;TYT 7FD40
N202;Brake Cable 38003/38004 (R/L);
N203;Brake Cable 38052;
N204;Brake Cable 38053;
N205;Brake Cable 980 mm;TYT 7FD40
N206;Brake Cable Daewoo D70;Daewoo D70
N207;Brake Cable 47403-26600-71 ( R );TYT 8FD25
N208;Brake Cable 47404-26600-71 ( L );TYT 8FD25
N209;Brake Cable 47406-36600-71 ( R );TYT 8FD30
N210;Brake Cable 47407-36600-71 ( L );TYT 8FD30
N211;Brake Cable 47404-33240-71 (R);TYT 7FD30
N212;Brake Cable 47405-33240-71 (L);TYT 7FD30
N213;Brake Cable 47407-23000-71 ( R );TYT 5FD25-30
N214;Brake Cable 47408-23000-71 ( L );TYT 5FD25-30
N215;Brake Cable Pull 0009350671;Linde E16C
N216;Parking Cable 46105-26660-71;TYT 8FD25/30
N226;Brake Pin Set;TYT 8FD25/30
N231;Dynamo Charge IDZ & 13Z;TYT 6FD / 7FD
N232;Dynamo Charge IZ;TYT 5FD
N233;Dynamo Charge Toy 1Z & 1DZ & Kom 4D95S;
N234;Dynamo Charge TYB 2Z & 13Z;
N235;Dynamo Charge24V;033000-6000
N241;Dynamo Starter Toyota Genuine 28100-40291-71G;TYT 8FD25/30
N242;Dynamo Starter 24V;Toyota 7-8 Ton
N243;Dynamo Starter 4D94E;Komatsu FD30T-14
N244;Dynamo Starter 1DZ-2 28100-40291-71;TYT 8FD25/30
N246;Steering Unit Linde A Truck;Linde A-Truck
N251;Hose Multipurpose FF 1/2;
N252;Hose Multipurpose FF 3/4;
N253;Hose Multipurpose 5/8;
N256;Engine Hood Rubber;
N258;Hose Suction 064173-026;Crown RR5210
N261;Hose Radiator Upper 1DZ-2;8FD25/30
N262;Hose Radiator Lower 1DZ-2;8FD25/30
N263;Hose Radiator Upper 16511-23360-71;Toyota 7FD25/30
N264;Hose Radiator Lower 16512-23360-71;Toyota 7FD25/30
N265;Hose Radiator Upper 224W2-12181;TCM FD35Z7
N267;Hose Radiator 3244483503;
N271;Hose Hydraulic ;TYT 8FD25
N272;Hose Hydraulic 68161-32890-71;TYT 8FD25
N273;Hose Hydraulic 68115-23360-71;TYT 7FD25/30
N274;Hose Hydraulic 68116-23440-71;TYT 8FD25/30
N275;Hose Hydraulic 68174-26600-71;TYT 8FD25/30
N276;Hose Hydraulic 68174-23320-71;TYT 8FD25/30
N281;Hose Preformed Rubber 3224484002;Linde E15c
N282;Hose Ventilation 12261-78202-71G;TYT 8FD25/30
N283;Twin Hose 0009507229;Linde E16c
N284;Twin Hose 0029503299;Linde R20S
N285;Twin Hose 0009505751;Linde E16C
N286;Rubber Bonnet Strip;
N287;Twin Hose 0029503304;
N291;Inching Cable 47110-23330-71;TYT 7FD25/30
N292;Inching Cable 47110-26610-71;TYT 8FD25/30
N296;Cable Pull 0009350332;Linde E15/E16
N303;Starter Motor Isuzu C-240;
N323;Water Pump Isuzu 6BD1 A-4242 TCM;
N324;Water Pump Toyota 1DZ;
N325;Water Pump Original Toyota 16100-78205-71G;8FD25/30
N326;Water Pump 6BG1;TCM FD70Z8
N331;Water Pump Outlet;
N341;Hydraulic Pump 67120-26650-71;TYT 8FD25/30
N342;Hydraulic Pump Rexroth 0517515307;Linde E16c
N343;Hydraulic Pump Heli 117M7-10401;
N346;Hydraulic Pump Fitting 8FD30;
N351;RIM 600x9;
N352;RIM 650x10;
N353;RIM 700x12 - 8H;
N354;Rim 18x7x-8;
N355;Rim 815 x 15;Toyota 8FD30
N358;Hub Wheel TVH/8559897;Mith FD30NT
N361;Housing Oil Seal ;Nissan TD27
N371;Auto Filing Tank C004;
N372;Auto Filling Plug;
N376;Kaki Dynamo Cas ;
N381;Gear Ring 12312-Z5500;Nissan TD27
N382;Flywheel Gear Assy 32101-22782-71G;TYT 8FD25/30
N391;Hoseline 3244483508 ;Linde E15
N392;Hoseline 0009575507;Linde E16c
N393;Hoseline 0009575508;Linde E16c
N396;Oil Pan 12101-78200-71 TYT 1DZ;
N400;Toggle Switch 7915490511;Linde R14S
N401;Toggle Switch 0009732614;Linde E16c
N402;Symbol Insert 0009383501;Linde E16c
N403;Filter 0009830826;Linde E16c
N404;Sensor Assembly J3501068;Linde E15C
N405;Seal Air Filter 0009830715;
N406;Air Filter 0009832118;
N407;Regulator 15310-76002-71;Toyota 8FD30
N408;Sensor 8431609/7917415033;Linde A-Truck
N409;Sensor Proximity 8409476;Linde A-Truck
N410;Sensor 7917415043;Linde A-Truck
N411;Pinion Gear Set;TYT 7FD30
N421;Chain Lift 1034;Toyota 7FD45
N426;Chain Connector Link 72300-33660-71;Toyota 8FD30
N431;Exhaust Pipe 1 3/4 x 8;Toyota 8FD25/30
N432;Exhaust Pipe 2 x 8;
N436;Spark Arresster 1 3/4;
N441;Hose Air Cleaner Assy 1DZ-2;Toyota 8FD25
N442;Hose Air Cleaner Assy 2Z;Toyota 7FD30
N443;Hose Air Cleaner 17811-26661-71;TYT 8FD25/30
N446;Air Cleaner Assy;Mith FD30NT
N447;Air Cleaner Assy 17710-26600-71;Toyota 7FD30
N461;Clutch Plate 31250-20565-71J;Toyota 7FD25/30
N501;Liner 1DZ-2 11461-78200-71;TYT 8FD25/30
N502;Piston 1DZ-2 13101-78202-71;TYT 8FD25/30
N503;Ring Piston STD 1DZ-2 13011-78202-71;TYT 8FD25/30
N504;Thrust Washer 11011-78202-71;TYT 8FD25/30
N505;Con Rod Bush 1DZ-2 90999-83950-71;TYT 8FD25/30
N506;Camshaft Bearing 11802-78200-71;TYT 8FD25/30
N507;Overhaul Gasket 1DZ-2 Orignal 04111-20324-71;TYT 8FD25/30
N508;Valve Cover Gasket 1DZ/1DZ-2 ;TYT 8FD25/30
N509;Valve Cover Gasket S4S 32A04-13200;Mith FD30NT
N510;Main Bearing STD 11702-78202-71;TYT 8FD25/30
N511;Con Rod Bearing STD 13041-78200-71;TYT 8FD25/30
N512;In Valve 13711-78200-71;TYT 8FD25/30
N513;Ex Valve 13715-78200-71;TYT 8FD25/30
N514;Valve Cover Gasket 2Z;TYT 8FD25/30
N515;Transmission Overhaul Kit 04321-20841-71G;TYT 8FD25/30
N516;Con Rod Assy Original 13201-78200-71;TYT 8FD25/30
N521;Tilt Cylinder Assy 35mm;TYT 8FD25/30
N522;Hydraulic Cylinder Assy 1314401705;Linde T20AP
N526;Toyota Panel Meter 57110-26620-71G;TYT 8FD25/30
N527;Display Unit 0009460909;Linde E30SL
N528;Display Unit 0009400757;Linde E16C
O101;Bush 43735-23320-71;TYT 8FD25/30
O102;Bush 43735-13310-71;TYT 7FD25/30
O103;Bush Baja;AM2200
O104;Bushing Dynamo Charge OD22xID10x29mm;
O105;Bush+Pin ;AM2200
O106;Bush 0009230107;
O107;Bush 0009642342;Linde E15C
O108;Bush/Guide 50052945;AM2200
O109;Bush & Pin CX25;Demag CX25
O110;Bush Gear Level 90386-13007-71;TYT 8FD25/30
O111;Bush Gear Level 90381-18000-71;TYT 8FD25/30
O116;Bush CV 67655-23320-71;TYT 8FD25/30
O117;Bush CV 67656-23320-71 ;TYT 8FD25/30
O121;Bushing Rear Axle;TCM FD40Z7
O123;Bushing Rear Axle 24501;
O125;Bushing Rear Axle 24506;Toyota 7FD40
O126;Bushing Mast 97910-04040-71;TYT 8FD25/30
O132;Circlip/Snap Ring S15 ID=15mm;
O141;Spring Kerucut;
O151;Cover Spring 49x11.5x20;
O152;Cover Spring 50052914 ;AM2000/2200
O153;Cover Spring Handjack Bishamon,Stocka,Pramac;
O154;Spring Cover HL3953;Linde Handjack
O155;Spring Horn 57414-22500-71;Toyota 8FD25/30
O156;Contact Horn 57413-22500-71;Toyota 8FD25/30
O161;Cover Bearing;
O171;Flat Washer 26.5 mm;
O172;Flat Washer 30 mm;
O175;Flat Washer 41mm x 75mm;
O176;Washer 0009143219;Linde E15
O177;Washer Lock Front Shaft 43155-20540-71;TYT 8FD25
O191;Grease Nipple DEG45 6m/m;
O192;Grease Nipple DEG67.5 1/8 inchi;
O193;Grease Nipple Straight 1/8 inchi;
O194;Grease Nipple Straight 6 m/m;
O196;Nipple Elbow A6GN-09-09;
O201;Spring Bush 50052946;AM2200
O202;Spring Bush 3353573000;Linde E15
O206;Spring Element 77800443;AM2200
O211;Spring Leaf HL4053;Linde Handjack
O216;Spring Lowering;
O221;Spring Pin HL4054;Linde Handjack
O226;Spring Pump 27810210;AM2200
O227;Spring Pump OD42/ID33/112/9Coil/MS Bishamon;
O231;Spring Brake Pedal 471192361071;
O232;Spring Brake Pedal TVH/12005288;
O236;Spring Transm.Valve 32725-23320-71;TYT 7FD25/30
O237;Spring Transm.Valve 32726-23320-71;TYT 7FD25/30
O251;Plate joining 3244413806;
O258;Lever 3245281008;
O261;Lowering Screw Assy HL3987;Linde Handjack
O262;Lowering Valve Assy HL3988;Linde Handjack
O266;Hydraulic Valve Assy HL3984;
O267;Valve (Flow-Pressure) TVH/10724768;TL CBD25
O268;Valve (Flow-Pressure) 269/50469385;AM22
O282;Pin Axle Bishamon;
O283;Pin Handle 50059508;AM2200
O286;Pin Hande 50137128;Jungherich
O301;Pin Belah 3x30;
O303;Pin Belah 8x50;
O319;Pin Clip 25.6 x 48.5mm;Jungherich AM22
O320;Pin Load Wheel M25;Linde M25
O321;Tube Distance 50052960;AM2200
O322;Tube LH 909237;Daewoo D30
O323;Tube RH 909236 ;Daewoo D30
O331;Nut 14mm;Daewoo D30
O332;Nut 25301090;AM2200
O333;Nut Hexagon 9210281130;
O345;Valve Seal 1DZ-2 90913-02053;Toyota 8FD25/30
O346;Valve Ex Iz 13715-78300-71;
O347;Valve Guide Toyota 5J;
O348;Valve In Iz 13711-78300-71;
O351;Gear Handbrake ;Linde E15c
O371;Bolt M6x15;AM2200
O381;Filter Fuel(O) 23311-23060;
O382;Filter Strainer;
O386;Plate Meter 57123-23330;
O388;Block Fuse 57630-26600-71;Toyota 8FD25
O391;Nipple Kuningan;Auto Filling
O396;Pedal Gas;
O401;Bearing DX 065084-015;Crown
O402;Sleeve 111858-002 ;Crown
O403;Axle 073962-006;Crown RD5725
O404;Axle 073962-003;Crown RR5210
P101;Bearing 6204ZZ Handjack;
P104;Bearing Roda Depan Besar EH 32015J;
P105;Bearing Roda Depan Kecil 33013A;
P106;Bearing 0009247375;Linde R14S
P107;Bearing 32307;Toyota 7FD40
P108;Deep Groove Ball Bearing 6004ZZE;
P110;Bearing Roda 6305-2RS;
P111;Bearing Roda 6205-2NSE;
P112;Bearing 6004-C3-2RS-VL;Linde E15C
P113;Bearing 6201-C3-2RS-HL-VL;Linde E15C
P115;Bearing Thrust King Pin 90367-28008;TYT 8FD25
P125;Master Bearing 50x129x35;Nissan 6 Ton
P126;Mast Bearing 40x120x28;Toyota 7FD30
P127;Mast Bearing 50x129x35;Nissan 4Ton
P128;Mast Bearing 6307;Niss DF05A60U
P129;Mast Bearing 22658-22401;TCM FD70Z8
P142;Side bearing 70026B;TYT 7FD25
P143;Side Bearing 70077V;
P152;Tapper Roller Bearing 30310;TYT 7FD40
P156;Tappered Roller Bearing 30306(Roda);TYT 7FD25
P158;Tappered Roller Bearing 32209(Roda);Kom FD25/30
P171;Chain Bearing;Niss DF05A60U
P191;Spherical Bearing 9512092305;
P240;King Pin 43231/32-26600-71;TYT 8FD25/30
P241;King Pin Kit (LH);TYT 8FD25/30
P242;King Pin Kit (RH) Sensor;TYT 7FD30
P243;King Pin Kit 24806-KB;Kom FD25/30
P244;King Pin Kit TCM FD35Z7;
P245;King Pin Kit TYT 7FD40;
P246;King Pin Kit TCM FD70Z8;TCM FD70Z8
P247;King Pin Kit TYT 7FD25/30;TYT 7FD25/30
P251;Knuckle (RH) 43211-23321-71;TYT 8FD25
P252;Knuckle (LH) 43212-23321-71;TYT 8FD25
P256;Knuckle Nut 90171-24110-71;TYT 8FD25
P276;Bolt & Nut Con Rod 1DZ-2 13265-76004-71G;TYT 8FD25/30
P277;Bolt+Nut 14x50;
P278;Bolt+Nut Guard 22mm;TYT 7FD25
P279;Bolt+Nut Wheel;TYT 3FD110
P281;Bolt+Nut/Baut Pelek M12x30x1.25;
P283;Bolt+Nut/Baut Roda 16x51 mm;TYT 5,6,7FD25/30
P284;Bolt+Nut/Baut Roda 18.5x58;
P285;Bolt+Nuts;Niss WF03A40U
P286;Bolt+Nuts RIM 700x12;
P287;Bolt+Nuts 8x120;
P288;Bolt+Nut/Baut Roda Rear;TCM FD70Z8
P289;Bolt Head Engine 90105-11950-71;TYT 8FD25-30
P290;Bolt+Nut Wheel(Tromol) 91243-00800;Mith FD30NT
P291;Bolt/Nut Wheel Hub;TCM FD70Z
P296;Bolt & Nut Front Wheel TYT;TYT 8FD30
P297;"Bolt Special ""U"" TCM FD70Z8";TCM FD70Z8
P301;Pin & Bush (Bishamon);
P302;Pin As Handjack ;
P311;Pin Steer Link 43731-23442-71;
P312;Pin Steer Link 43751-23321-71;
P313;Pin Steer link 43753-23321-71;
P315;Pin Steer Link 43731-23342-71;TYT 7FD25/30
P325;Pin+Nut+Washer 43731-13311-71;TYT 7FD25/30
P326;Pin+Nuts 48514-FA200;Niss FJ02A30U
P327;Pin Garpu;
P328;Pin Lock Garpu 76551-30370-71;
P329;Pin Lock Garpu 94006-00600;TYT 8FD25/30
P330;Pin Lock Garpu 59710-50K02;TYT 7FD30
P331;Pin Lock Garpu 76555-30370-71;
P335;Pin Lubang 43753-23320-71;TYT 7FD25/30
P336;Pin Lubang 43753-30511-71;TYT 7FD40
P341;Pin 75115-24920-71 (Side Shift);TYT 8FD25
P346;Plate 43192-26600-71;TYT 8FD25/30
P347;Damper 43191-23421-71;TYT 8FD25/30
P351;Rod Kit Steering Axle 8FD-TRK;TYT 8FD25/30
P352;Rod Kit Steering Axle 7FD-TRK;TYT 7FD25/30
R101;Cable Lug 12-10 Kuning Kecil;
R102;Cable Lug 16-8;
R104;Cable Lug 731004 Merah Bulat;
R106;Knob 0009310159;Linde E25
R107;Bellow 0009625600;Linde E25
R108;Joystick Assy 0009732949;Linde E25
R109;Joystick Assy 12764305500;Linde E25
R110;Joystick Cross Lever 7919040041;Linde E16c
R111;Joystick Cross Lever 7919040042;Linde E16c
R112;Joystick (MFC Handle Kit) 140750;Crown RR5210
R113;Joystick (MFC Handle Kit) 126695;Crown RD5725
R114;Joystick Single Axis 7919040093;Linde R14S
R115;Joystick 7919040043;Linde E25
R116;Joystick 7919040015;Linde E25
R117;Terminal Cable 25-10;
R125;Terminal Cable 25-8;
R139;"Clamp 3/4""";
R140;"Clamp 5/8""";
R141;"Clamp 7/8""";
R151;Relay 12V 4 Kaki;
R152;Relay 12V 5 Kaki;
R153;Relay 24V 4 Kaki;
R154;Relay 24V 5 Kaki;
R155;Relay 12V Seken;Toyota 7FD
R156;Relay 90987-02022;TYT 8FD25/30
R157;Relay 28300-46010;TYT 8FD25/30
R158;Relay Assy Glow 28610-76001-71;Toyota 8FD25/30
R159;Relay Assy  28610-76001-71 Replacement;Toyota 8FD25/30
R166;Relay Niles HF-312 12V;
R167;Relay Niles UF-312L 24V;
R176;Starter Relay 28300-48010 TYT 12V;5,6 FD Toyota
R178;Starter Relay 24V;
R186;Starter Switch/Keyswitch Toyota;TYT 8FD25/30
R187;Starter Switch/Keyswitch Original TYT;
R188;Starter Switch KT-10;TYT 5,6,7 FD
R196;Starter Switch(Keyswitch) 7915492622;
R201;Temperature Switch 83420-20011;TYT 7FD30
R206;Sensor 89422-76001-71;TYT 7FD30
R207;Switch Emergency Stop Linde E16c;Linde E16c
R211;Switch Oil 05-03L;
R212;Switch Solenoid 12V 22390-54150;TYT 8FD25/30
R214;Switch Signal 3EB-55-32210;Kom FD30T-14
R215;Switch Forward/Reverse;Komatsu FD30T-14
R220;Switch Direction 00099732906;Linde E15
R222;Brake Switch Petak EN-714;
R227;"Spark Plug NGK BKR6E 14x19 (3/4"")";
R228;"Spark Plug NGK BP5ES 14x19 (3/4"")";
R230;Control Valve Plug 32853-23330-71;TYT 8FD25
R232;Horn Button Switch GH4B;
R233;Signal Button 0039731613;
R234;Horn Control 0039731600;
R235;Signal Switch 8FD25;TYT 8FD25
R241;Glow Plug/Pizer;Niss SD22
R242;Glow Plug/Pizer Isuzu C240;
R243;Glow Plug/Pizer Komatsu GT-208 8.5V;
R245;Glow Plug/Pizer PT-103;8FD25
R251;Upper Liner 82151-25150;8FD25/30
R252;Upper Liner 82151-25080;7FD25 New
R253;Upper Liner 82151-36200;6FD30
R256;Strip 61356-23600-71;TYT 8FD25/30
R257;Shim 61233-22000-71;TYT 8FD25/30
R261;Lower Liner 82152-25080-71;6/7FD25/30
R262;Side Shift Fibre C-6020486;
R263;Side Shift Fibre C-6033487;
R264;Side Shift Fibre C-6057162;
R266;Flasher(Lamp) Switch 2 Position;
R267;Flasher Unit Daewoo D546113;
R269;Flasher Unit 0009732502;Linde E15/E16
R271;Connector Battery 6325G1 / REMA SR-175A;
R272;Connector Battery SB350-Grey;
R273;Connector Battery ;
R274;Connector Battery SB50;
R275;Connector Battery SB350-Red;
R283;Alternator Socket CS7320;
R286;Slip Male Persegi;
R291;Rema 80 A Female Socket;
R292;Rema 80 A Male Socket;
R293;Rema 160 A Female Socket;
R294;Rema 160 A Male Socket;
R295;Rema 320 A Female Socket;
R296;Rema 320 A Male Socket;
R301;Kedudukan Aki;
R306;Cover Traction Motor J5506008;Linde E16c
R311;Key Two On A Ring (802) 0039730404;
R312;Key ( 801) 0009730419;
R313;Relay Contactor Assy 24750-13700-71 ;7FBR15-20
R314;Cable Assy Spiral 45190-13900-71;7FBR15-20
R315;Throttle Position Sensor 89452-76001-71;7FBR15-20
R316;Potensiometer 1153604701;Linde R14S
R317;Potensiometer 50023604702;Linde L12
R318;Potensiometer 7916497905;
R319;Potensiometer 0009609008;Linde A-Truck
R320;Potensiometer 8459849;Linde A-Truck
R321;Potensiometer 8408841;Linde V12/A-Truck
R322;Potensiometer 7916400159;
R323;Potensiometer 0039723000;Linde V10/V12
R324;Potensiometer 52223604700;Linde A-Truck
R325;Printed Circuit Board 50213650100;Linde V12
R326;Printed Circuit Board 3093607005;Linde L12
R327;Potensiometer 7917415695;Linde A-Truck
R330;Sensor 7917415546;Linde R14S
R331;Sensor Steering 7917415687;Linde E16c
R332;Sensor Driving Speed 7917415882;Linde R14S
R333;Sensor Driving Speed 7917415847;Linde E16C AC
R334;Sensor Driving Speed 7917415537;Linde R14S
R335;Sensor Steering 7916497908;Linde E16c
R336;Steering Sensor Cover 43235-23420-71;TYT 8FD25
R337;Potensiometer 1153608911;Linde R16S
R341;Wire Solenoid 32620-23330-71;TYT 8FD25/30
R346;Thermostat 90916-03954-71G;TYT 8FD25/30
R351;Position Switch 7915496100;Linde V12
R356;Wiring Harness 7916400993;Linde R14S
R361;Code Switch Curtis;
S101;Inter-Cell Connector 4PzB300E -74mm;
S102;Inter-Cell Connector 8PzB440E -140mm;
S103;Intercell Connector 85mm;
S104;Intercell Connector 90mm;
S105;Intercell Connector 65mm;
S106;Intercell Connector 70mm;
S107;Intercell Connector 80mm;
S108;Inter-Cell Double Connector 10PzB550E -94mm;
S109;Intercell Connector 95mm;
S110;Intercell Connector 46mm;
S111;End Connector ;
S112;End Connector M10x95(102420);
S119;Engine Mounting 41261-23340;TYT 7FD25/30/40
S121;Engine Mounting Rubber ;TCM FD25-Z4
S124;Engine Mounting 41261-23342-71 (Transm);TYT 7FD30
S125;Engine Mounting 12361-26600-71;TYT 8FD25
S127;Engine Mounting 12361-23341-71;TYT 7FD25/30
S131;Transmission Mounting;Toyota
S132;Transmission Mounting 41261-23342-71;Toyota 7FD25/30
S141;Transmission Mounting Assy (2 Holes);TYT 8FD25/30
S142;Transmission Mounting Assy (4 Holes);TYT 8FD25/30
S146;Carbon Brush  14572-13401-71;TYT 7FBR15
S147;Carbon Brush 0009718141;Linde E15
S148;Carbon Brush 0009718154;Linde E15
S149;Carbon Brush Nissan 29242-41H10;
S150;Carbon Brush 14572-13401-71;Toyota 7FBR15
S151;Carbon Brush 0009718124;Linde E16c
S152;Carbon Brush 0009718189;Linde E16c
S153;Carbon Brush 120860;Crown RR/RD
S154;Carbon Brush 113652;Crown RR/RD
S156;Brush Spring 400/3353573000;Linde E16c
S159;Brush Holder 3603574505;Linde L12
S161;Cap Fuel tank;Toyota 8FD25/30
S162;Cap Fuel Tank KO-128;Kom FD25
S163;Cap Fuel Tank 9810000284;Linde
S164;Cap Fuel Tank 32652-23021;TCM FD35/40
S171;Cap Holder 53215-26600-71;TYT 8FD25/30
S176;Radiator Cap Besar TY004-2640;
S177;Radiator Cap PDR13;
S178;Radiator Cap 16401-60040-71;
S181;Brake Oil Cap KE20-4064;TYT 8FD25/30
S192;Rear Hub Cap 43821-20540-71;
S202;Cap Fuel 23320-23000-71;TYT 8FD25
S211;Solenoid Assy 32610-23330;
S216;Stopper 1874461402;Linde R14S
S226;Fuel Pump;Toyota
S227;Fuel Pump Toyota  (Original) 23302-23040-71;Toyota 8FD25/30
S228;Fuel Pump 22501-77020 (Hand Pump);TYT
S229;Fuel Unit 57210-26600-71;TYT 8FD25/30
S241;Cable Connector K/0060 75mm;
S242;Cable Connector K/0060 80mm;
S251;Locking Disc 6x0.5-A2C 0009073321;Linde E15
S255;Lever 0009312008;Linde E15
S261;Lever 45832-26600-71G;TYT 8FD25
T101;Bola Lampu 12V 1 Kaki Besar;
T102;Bola Lampu 12V 1 Kaki Kecil;
T103;Bola Lampu 12V 2Kaki Besar;
T104;Bola Lampu 12V 3W Kecil;
T111;Bola Lampu 24V 1 Kaki Besar;
T112;Bola Lampu 24V 1 Kaki Kecil;
T113;Bola Lampu 24V 2 Kaki Besar;
T114;Bola Lampu 24V25W 1 Kaki Besar;
T121;Bola Lampu 48V 1 kaki Besar (35560);
T122;Bola Lampu 48Vx10W 2 Kaki Besar;
T123;Bola Lampu 48Vx25W 2 Kaki Besar;
T124;Bola Lampu 48x10W 1 Kaki Kecil;
T131;Bola Lampu 7919564903;Linde E15
T132;Bola Lampu 7919564958;Linde E15
T133;Bola Lampu 7919564992;Linde E15
T134;Bola Lampu 7919564997;Linde E15
T135;Bola Lampu (Auto Lamp);TCM FD70Z
T136;Bola Lampu 24V/60W;TYT 8FD60/80
T146;Bola Lampu Spedo Meter 12V 21/5W;
T147;Bola Lampu Spedo Meter 12V 3W;
T148;Bola Lampu Spedo Meter 12V 5W;
T149;Bola Lampu Spedo Meter 24V 2W;
T162;Bulb Halogen H3 12V;
T163;Bulb Halogen H3 24V 100W;
T164;Bulb Halogen H4 24V;
T165;Bulb Halogen H4 7919518925;
T166;Bulb Halogen H4 24V/P45T;
T167;Bulb Halogen H4 12V/P45T;
T187;Rear Lamp Blinker (L) 0009740215;Linde
T188;Rear Lamp Blinker (R) 0009740214;Linde
T189;Rear Lamp Cover 56604-23320-71(RH);TYT 8FD25/30
T190;Rear Lamp Cover 56603-23320-71(LH);TYT 8FD25/30
T191;Rear Lamp LH 56640-26600-71 ;TYT 8FD25/30
T192;Rear Lamp RH 56630-26600-71;TYT 8FD25/30
T193;Rear Lamp RH 56630-23320-71;TYT 7FD25/30
T194;Rear Lamp LH 56640-23320-71;TYT 7FD25/30
T195;Working Lamp AE-06615 24V;
T196;Working Lamp Petak LED;
T197;Head Lamp TYT 7FD25/30;TYT 7FD25/30
T198;Head Lamp 56590-26600-71;TYT 8FD25/30
T199;Head Lamp 24V;
T200;Front Lamp Cover Set;TYT 8FD25/30
T201;Signal Lamp Cover;TYT 5FD25-30
T205;Front Light Cover 8FD25/30;
T207;Safety Blue Light TVH/140TA2243;
T208;Safety Blue Light TVH/147TA3431;
T209;Safety Red Light Forklift;
T210;Safety Red Light Forklift (Thunderbold);
T212;Strobe Light LED-90006;
T216;Brake/Back Up Light 8204712;
T220;Fuse ANL 125A;
T221;Fuse 100A 50107991 Plate;
T222;Fuse 10A Merah Besar Kaki 2;
T227;Fuse 200A 7919086939 Plate;
T228;Fuse 20A Kuning Besar Kaki 2;
T229;Fuse 20A Kuning Kecil Kaki 2;
T230;Fuse 20A/80V 7916040009 Kaki 2;
T231;Fuse 250A 7919086940 Kaki 2;
T232;Fuse 25A Putih Besar Kaki 2;
T233;Fuse 25A Putih Kecil Kaki 2;
T236;Fuse 30A Hijau Sedang Kaki 2;
T237;Fuse 30A/24V 28528550 Plate;Octobergh.Stacker
T238;Fuse 30A/80V 7916040011 Kaki 2;
T239;Fuse 35A 7919086942 Kaki 2;
T244;Fuse 7.5 A Besar Kaki 2;
T245;Fuse 7.5 A Kecil Kaki 2;
T246;Fuse 80A 50155827 Plate;
T248;Fuse LKN 80A;Crown
T249;Fuse DC 80A;
T276;Fuse Tabung 5A/250V (30mm) ;
T295;Fuse Element 7919000021;Linde H30D-02
T301;Sensor 7917415529;Linde E15
T306;DC/DC 24V to 12V;
T307;DC Transformer 154-24 (Demke);
T311;Rear Cover 7FD Series;TYT 7FD25/30
T312;Rear Cover 8FD Series;TYT 8FD25/30
U102;Oil Seal 16x27x7;TYT 5,6FD25/30
U103;Oil Seal Flywheel TCM FD70Z8;TCM FD70Z8
U104;Oil Seal 1x1 1/4x 1/8;
U105;Oil Seal 351797-10020 (Transmission);TYT 8FD30
U106;Oil Seal 41128-23320-71 (Gardan);TYT 8FD30
U107;Oil Seal 22.22x35x10 (Seal Power Steering);
U108;Oil Seal 53x42x7 (Seal As Roda);TYT 8FD25
U109;Oil Seal 32x44x6.7 (Seal Power Steering);
U110;Oil Seal 351797-10010 (Transmission);TYT 8FD25
U111;Oil Seal 40x70x8 41182-30510-71;TYT 5,6,7FD
U112;Oil Seal 63x52x8 (Seal As Roda);TYT 5,6FD25/30
U113;Oil Seal 41182-30510-71;TYT 5,6,7
U117;Oil Seal 48x60x9;TYT 5,6FD25/30
U119;Oil Seal 48x65x10/15 MHSA Bibir;
U121;Oil Seal 58x68x9 (Seal As Roda);Kom FD40
U122;Oil Seal 58x80x9 (S.Transmisi);TYT 5,6FD25/30
U123;Oil Seal 66x92x12 mm (Trans.Bibir);TYT 7FD40
U128;Oil Seal SD 19x31.7x8;
U152;O Ring 3x65 - Tilt Cylinder Seal Kit;
U153;O Ring Steering Box;TYT 5FD25-30
U154;Grooved Ring C40x50x10 0009621921;
U174;Hydraulic Seal 30x42x6/8 - Tilt Cyl Seal Kit;
U191;Hydraulic Pump Kit 69199-51K00J;8FD25/30
U192;Hydraulic pump Kit 04671-10960-71J;TYT 8FD25/30
U193;Hydraulic Pump Kit SGP1;
U194;Hydraulic Pump Kit 04671-31190-71;TYT 3FD115
U195;Hydraulic Pump Kit Rexroth;Linde E16c
U201;Seal Kit Side Shift C-563487;TYT 8FD25/30
U202;Seal Kit Tilt Cylinder 0009608008;TYT 8FD25/30
U203;Seal Kit Lift 63207-KB;Kom FD40-5
U204;Seal Kit 50052913;AM2200
U205;Seal Kit Steering 04433-20110-71;TYT 8FD25
U206;Seal Kit Steering 04433-30110-71;TYT 8FD30
U207;Seal Kit Tilt (30mm) 04655-20111-71;TYT 8FD25/30
U208;Seal Kit Tilt (35mm) 04655-20120-71;TYT 8FD25/30
U209;Seal Kit 27811310;AM2000
U210;Seal Kit Cylinder Tilt;Kom FD15,25-11
U211;Seal Kit Lift Cylinder;Niss DF05A60U
U212;Seal Kit Lifting Main Cylinder;TYT 7FD25
U213;Seal Lifting Cylinder Kit;TYT 7FD25
U214;Seal Kit Lifting Main Cylinder 04652-20064-71;TYT 8FD25
U215;Seal Kit Power Steering Box;TYT 8FD25/30
U216;Seal Kit Assy 0009608011;Linde H30
U218;Seal Kit Lift Cylinder TYT 6FD30;TYT 6FD30
U219;Seal Kit HL3981;Linde Handjack
U220;Seal Kit Hydraulic TVH/10735600;TL CBD25
U222;Seal 0009629016;Linde H30D-02
U224;Seal Lift Pump;
U225;Seal kit Pump AM22;AM 2200
U226;Seal Kit Tilt Cylinder;TYT 7FD Series
U227;Seal Kit Front Cover (Timing Gear);TYT 8FD25/30
U228;Seal Power Steering  21x33x8;
U229;Seal Kit Lift Cylinder 04654-20090-71;TYT 8FD25
U230;Seal Kit Lift Cylinder 04654-30220-71;TYT 8FD30
U231;Seal Axle;TCM FD25-Z4
U232;Oil Seal (Crankshaft) 90311-45003-71;TYT 8FD25
U233;Seal Crankshaft 90311-95950-71;Toyota 8FD25/30
U234;Seal Kit Control Valve 04676-20560-71;TYT 7FD30
U236;Seal Kit Control Valve;
U237;Seal Kit Control Valve 04676-21091-71;TYT 8FD25/30
U238;Seal Kit Assy 1904405000;Linde E15
U239;Set of Seals Assy 0009608007;
U240;Seal C40x50x7 0009621940;Linde E15
U241;Seal 3244324400;
U242;Seal Bellow Assy 0009604508;
U243;Seal Tilt Cylinder 7FD30;
U244;Seal Steering Cylinder 7FD30;
U245;Seal Kit Assy Main 0009608093;Linde E16c
U246;Seal Ring Grooved 0009621979;
U247;Seal Bellow Assy 0009625553;
U248;Seal Kit Side Shift E16c;Linde E16c
U252;Set Of Seals Assy 0009608177 (Lifting);Linde E16C
U253;Set Of Seals Assy 0009608175;Linde E15
U254;Seal Wiper 0009622574;Linde E16c
U255;Seal Kit Lifting 149335;Crown RD5725
U256;Seal Kit Lifting E16C;Linde E16c
U258;Seal Lifting Cylinder L12 (379);Linde L12
U259;Seal Kit Cylinder Reach Arm 134137;Crown RR5210
U260;Hub Seal 42415-10480-71;TYT 7/8FD25
U261;Hub Seal 42415-32800-71;TYT 7/8FD30
U262;Oil Seal Rear 43821-22000-71;TYT 8FD25/30
U263;Hub Seal (Front) 25783-02061;TCM FD70Z8
U264;Seal Rear Axle 03211-09501;TCM FD70Z8
U276;Shaft Seal AS15x30x8 0009280354;Linde E15c
U281;B.Master Cyl Kit Niss A40U;Niss A40U
U285;Reservoir With Cap And Seal ;Total Lifter CBD25
U286;Reservoir 27806310;
U287;Fastener 27807590;
U291;Ring Plat Tembaga;
U301;Lock Nut & Washer 03192-00011/10011;TCM 70Z8
V101;Stainless Steel Plug/Mangkuk Air 14mm;
V102;Stainless Steel Plug/Mangkuk Air 20mm;
V103;Stainless Steel Plug/Mangkuk Air 22mm;
V104;Stainless Steel Plug/Mangkuk Air 25mm;
V105;Stainless Steel Plug/Mangkuk Air 30mm;
V106;Stainless Steel Plug/Mangkuk Air 28mm;
V107;Stainless Steel Plug/Mangkuk Air 35mm;
V108;Stainless Steel Plug/Mangkuk Air 40mm;
V109;Stainless Steel Plug/Mangkuk Air 45mm;
V110;Stainless Steel Plug/Mangkuk Air 50mm;
V124;Auto Mirrow/Kaca Spion Baut Kecil TH1633;
V125;Auto Mirrow/Kaca Spion SK-554;
V126;Auto Mirrow/Kaca Spion E-656;
V131;Back/Reverse Buzzer Bulat 12V;
V132;Back/Reserve Buzzer 12-48V Petak;
V133;Back/Reverse Buzzer EBR;
V141;Horn 12V 124508;
V142;Horn 24V CF4H;
V144;Horn HRN-124 (36/48V);
W101;Tie Rod 224W4-30341 ( R) M24x24.5;TCM FD70
W102;Tie Rod 224W4-30351 (L) M24x24.5;TCM FD70
W103;Tie Rod 30441-31922 ( R) 16-18mm;
W104;Tie Rod 35827-11602 (L) 16-18mm;
W105;Tie Rod 43750-20542 ( R) 20-18mm;
W106;Tie Rod 43750-33860-71 ( R) 22-20mm;
W107;Tie Rod 43760-20542 (L) 20-18mm;
W108;Tie Rod 43760-30870 LH;
W109;Tie Rod 43760-30871-71 LH;
W110;Tie Rod 43760-33860-71 (L) 22-20mm;
W111;Tie Rod 25904-30401 (RH);TCM FD70Z8
W112;Tie Rod 25904-30421 (LH);TCM FD70Z8
W121;Tie Rod Bar 43752-23442-71;
W124;Tie Rod Bar 43751-23440-71;
W131;Contact Set Nichiyu FBRW15;Nichiyu FBRW15
W132;Contactor 24320-16562-71;TYT 8FBN25
W133;Contactor Albright SU280;
W135;Plate Contactor 1907148;
W136;Contactor TVH/4066955;Linde A-Truck
W137;Contactor 7915692530;Linde E15c
W138;Contactor 8400132;Linde V12
W139;Contactor 8409938;Linde V12
W140;Contactor 0039703526;
W142;Piston Pump Assy HL3989;Linde Handjack
W151;Control Lever HL4058;Linde Handjack
W156;Retaining Cover HL3952;Linde Handjack
W166;Cardian Joint 0009341301;Linde E15C
W176;Pompa Diersel;
W181;Pre Haeting Timer;
W186;Temperature Sending Unit;Niss EH02A25U
W191;Lever 1133413007;
W196;Sensor As Daewoo K 913988-03;
W206;Pipa Fleksible;
W211;Simpang Empat;Toyota 7FD40
W216;Cylinder Pipe 3354460104;Linde E16c
W217;Pipe Union 9721001308;Linde E16c
W218;Piston 3244521703;Linde E16c
W225;Ball Bearing Joint ;Linde E16c
W226;Pin Joint Tilt;Linde E16c
X100;Brake Master 3355045400;Linde E16c
X101;Brake Master Cyl 3355045402;Linde E16c
X102;Brake Master Cyl BP-1398/36902;Komatsu
X103;Brake Master Cylinder 30HB-514000;China Forklift
X105;Brake Master Cylinder 36913-TYB;TYT 7FD25
X105A;Brake Master Cylinder 47210-23320-71J;TYT 8FD25
X151;Brake Shoe 47403-32060-71;Kom FD25T-11
X152;Brake Shoe 47410/20-33900-71;TCM FD70Z8
X153;Brake Shoe 47403-22000-71;TYT 8FD25/30
X153G;Brake Shoes 47403-23320-71G;TYT 8FD25/30
X154;Brake Shoe 30906/RH;Niss WGF03
X155;Brake Shoe 30909/LH;Niss WGF03
X157;Brake Shoe Tich Truck;All Forklift
X159;Brake Shoe 31194 SA;Sumitomo FD60
X172;Brake Pad 3355040400;Linde E16c
X181;Hand Brake Shoes 15783-62061;TCM FD70Z8
X186;Parking Brake Lever 33355170601;Linde E16c
X187;Parking Brake Cover 3355173002;Linde E16c
X191;Brake Pad 31319-20540-71;Toyota 8FD25/30
X192;Pedal Pad TVH/12554642;Toyota 8FD25/30
X196;Parking Cable Adjuster 8FD25/30;TYT 8FD25/30
X201;Brake Wheel 054-6092;Daewoo 7 Ton
X202;Brake Wheel Cyl 30102-KA;Kom FD25/30T-11
X203;Brake Wheel Cyl C-52-11254-52001;TCM FD70Z8
X204;Brake Wheel Cyl 30106-TYB;TYT 7FD
X205;Brake Wheel Cyl 30131 L/H;TYT 6FD25/30
X207;Brake Wheel Cyl 44100-L9000 L/H;Niss DF05A60U
X208;Brake Wheel Cyl (Seal) 3FD115;TYT 3FD115
X209;Brake Wheel Cyl ;TYT 7FD40
X253;Fan 894483-8940 TCM;
X254;Fan Forklift 16361-22040 Toyota 2J;
X255;Fan Forklift 16361-23860 Toyota 1DZ;
X256;Fan Radiator 89448-38940;TCM FD35Z
X261;Electric Fan 400/0009761419;Linde E15c
X262;Electric Fan 400/0009761416;Linde E15c
X266;Electric Fan 12V;
X267;Electric Fan 24V;
Y102;Drive Shaft 3720051H00;Niss DF06A60U
Y104;Drive Shaft Copling 8FD30;TYT 8FD30
Y111;Safety Belt Forklift 88822-50A03;
Y112;Safety Belt With Sensor;TVH/110TA8613
Y113;Safety Belt 3514338508;Linde E16C
Y121;Pully 16372-42500-71;TYT 7FD40/45
Y122;Pully 68821-24920-71;TYT 8FD30
Y123;Pully 68302-23620-71;TYT 8FD25
Y151;Mast Bushing 230C8-02001;TCM FD70Z8
Y152;Mast Bushing 76149-10110-71;TYT 7FD25
Y153;Mast Bushing 61251-33060-71;TYT 7FD30
Y161;Dust Cover 17704-30510-71;
Y166;Damping Element/Gas Rod60032056;Octobergheinrich
Y172;Exhaust Gakset S6S;CAT DP50KT
Y175;Head Gasket 1DZ2  11115-78204-71;TYT 8DD25/30
Y176;Head Gasket 2Z 11115-78701-71;TYT 8DD25/30
Y177;Head Gasket 6BG1;TCM FD70Z8
Y178;Head Gasket Mith S4S 32A01-02204J;CAT DP30NT
Y181;Pin Mast + Fitting Grease;TYT 8FD25
Y201;Radiator Assy 4D94E;Komatsu FD30T-14
Y202;Radiator Assy 1DZ-2;TYT 8FD25/30
Y211;Louver 17831-23320-71;TYT 8FD25/30
Y221;Side Cover RH 58731-26600-71;TYT 8FD25/30
Y222;Side Cover LH 58741-26600-71;TYT 8FD25/30
Z101;Ace Battery Charger 24V100T;
Z151;Oil Engine Total Rubia S40;
Z152;Oil Hydraulic Total Azolla ZS68;
Z153;Oil Transmission Fluide ATX (18L);
Z154;Oil Gear 140 Total EP85W-140 (18L);
Z155;Oil Engine Mobil S1000 (4L);
Z181;Load Guard Toyota FD25;
Z182;Load Guard Toyota FD30;
Z191;Fork Forklift 2.5/3.0 Ton;
Z201;Tyre 500x8 Anjie;
Z202;Tyre 600x9 Anjie;
Z202A;Tyre 600x9 Tokai;
Z203;Tyre 750x15 Anjie.;
Z204A;Tyre 700x12 Tokai;
Z205;Tyre 300x15 Anjie;
Z206;Tyre 650x10 Anjie;
Z206A;Tyre 650x10 Tokai;
Z206B;Tyre 650x10 Loc Type;
Z207;Tyre 700x15;
Z208;Tyre 815x15 Anjie;
Z208A;Tyre 815 x 15 Tokai;
Z208B;Tyre 815x15 Loc Type;
Z211;Tyre 18x7-8 Master Solid;
Z211A;Tyre 18x7-8 NM Elite XP Solid;
Z212;Tyre 15x4.5-8 Master Solid;
Z212A;Tyre 15x4.5-8 NM Elite XP Solid;
Z213;Tyre 825x15 Anjie;
Z216;Tyre 900x20 Anjie;
Z217;Tyre 1000x20 Anjie;
Z218;Tyre 23x9-10 Loc Type;
Z219;Tyre 27x10-12 Anjie;
Z220;Tyre 16x6-8 Loc;Linde E20
Z221;Tyre 200/50-10;Linde E20
