id,code,nama,unit,description,status,deleted_at,updated_at,created_at
23,ITEMTEST,TESTITEM,Pcs,ITEM FOR TEST,available,,2025-11-10 14:45:53,2025-10-08 12:30:04
24,M102,Fuel Filter 1372444,Pcs,,available,,2025-11-10 09:04:34,2025-11-10 08:50:11
25,M104,Fuel Filter 20801-02121K/FC-1503,Pcs,TCM,available,,2025-11-10 09:04:34,2025-11-10 08:50:11
26,M105,Fuel Filter 23303-64010/FC-1104,Pcs,Toyota Group,available,,2025-11-10 09:04:34,2025-11-10 08:50:11
27,M106,Fuel Filter 23303-64010(Orginal),Pcs,Toyota Series,available,,2025-11-10 09:04:34,2025-11-10 08:50:11
28,M108,Fuel Filter FC-1007,Pcs,,available,,2025-11-10 09:04:34,2025-11-10 08:50:11
29,M109,Fuel Filter FC-1703,Pcs,TYT 5FD25-30,available,,2025-11-10 09:04:34,2025-11-10 08:50:11
30,M112,Fuel Filter FC-1001 / 220900,Pcs,,available,,2025-11-10 09:04:34,2025-11-10 08:50:11
31,M115,Fuel Filter FC-1804 / 16403-Z9000,Pcs,Nissan,available,,2025-11-10 09:04:34,2025-11-10 08:50:11
32,M118,Fuel Filter FC-1003,Pcs,TYT 5FD60/80,available,,2025-11-10 09:04:34,2025-11-10 08:50:11
33,M119,Fuel Filter EF-1002,Pcs,Cat FD150,available,,2025-11-10 09:04:34,2025-11-10 08:50:11
34,M120,Fuel Filter WK-731,Pcs,Heli 10 Ton,available,,2025-11-10 09:04:34,2025-11-10 08:50:11
35,M121,Fuel Filter FC-1806,Pcs,Heli 10 Ton,available,,2025-11-10 09:04:34,2025-11-10 08:50:11
36,M122,Fuel Filter FF-8813,Pcs,China Forklift,available,,2025-11-10 09:04:34,2025-11-10 08:50:11
37,M202,Oil Filter C-6202,Pcs,Mith FD25,available,,2025-11-10 09:04:34,2025-11-10 08:50:11
38,M204,Oil Filter 15208-13210,Pcs,Forklift,available,,2025-11-10 09:04:34,2025-11-10 08:50:11
39,M206,Oil Filter 15600-41010/C-1121,Pcs,Toyota 7FD40,available,,2025-11-10 09:04:34,2025-11-10 08:50:11
40,M207,Oil Filter 20801-01441K/C-1305,Pcs,TCM FD70Z8,available,,2025-11-10 09:04:34,2025-11-10 08:50:11
41,M208,Oil Filter 600-211-5240 / C-5604,Pcs,Kom FD25/30-11/FD40-5,available,,2025-11-10 09:04:34,2025-11-10 08:50:11
42,M211,Oil Filter C1110,Pcs,Toyota Group,available,,2025-11-10 09:04:34,2025-11-10 08:50:11
43,M212,Oil Filter 15601-76009-71 (Original),Pcs,Toyota 8FD25,available,,2025-11-10 09:04:34,2025-11-10 08:50:11
44,M220,Oil Filter C-1150/C-1109,Pcs,Toyota 8FG25,available,,2025-11-10 09:04:34,2025-11-10 08:50:11
45,M221,Oil Filter C-5703,Pcs,Toyota 8FD60/80,available,,2025-11-10 09:04:34,2025-11-10 08:50:11
46,M222,Oil Filter C-5704,Pcs,,available,,2025-11-10 09:04:34,2025-11-10 08:50:11
47,M223,Oil Filter C-5811,Pcs,Caterpilar FD30,available,,2025-11-10 09:04:34,2025-11-10 08:50:11
48,M224,Oil Filter C-1002,Pcs,Kom FD30,available,,2025-11-10 09:04:34,2025-11-10 08:50:11
49,M225,Oil Filter SFO 4013,Pcs,Cat FD150,available,,2025-11-10 09:04:34,2025-11-10 08:50:11
50,M226,Oil Filter C-1803,Pcs,Nissan FD30,available,,2025-11-10 09:04:34,2025-11-10 08:50:11
51,M227,Oil Filter C-1511,Pcs,TCM FD25Z/30Z,available,,2025-11-10 09:04:34,2025-11-10 08:50:11
52,M228,Oil Filter FO-3810,Pcs,China Forklift,available,,2025-11-10 09:04:34,2025-11-10 08:50:11
53,M301,Hydraulic Filter 67502-26600-71G,Pcs,TYT 8FD25,available,,2025-11-10 09:04:34,2025-11-10 08:50:11
54,M302,Hydraulic Filter 0019982301,Pcs,,available,,2025-11-10 09:04:34,2025-11-10 08:50:11
55,M304,Hydraulic Filter FOH-5910,Pcs,TYT 7FD25,available,,2025-11-10 09:04:34,2025-11-10 08:50:11
56,M305,Hydraulic Filter HC 18020,Pcs,TYT 7FD25,available,,2025-11-10 09:04:34,2025-11-10 08:50:11
57,M309,Hydraulic Oil Filter 0009839344,Pcs,,available,,2025-11-10 09:04:34,2025-11-10 08:50:11
58,M310,Hydraulic Filter(Suction) 0009831621,Pcs,Linde E15,available,,2025-11-10 09:04:34,2025-11-10 08:50:11
59,M311,Hydraulic Filter HC-7901,Pcs,,available,,2025-11-10 09:04:34,2025-11-10 08:50:11
60,M312,Hydraulic Filter 5FD80,Pcs,5FD80,available,,2025-11-10 09:04:34,2025-11-10 08:50:11
61,M313,Hydraulic Filter 400/0009831616,Pcs,Linde E16c,available,,2025-11-10 09:04:34,2025-11-10 08:50:11
62,M401,Air Filter P10-1275-7 1/2,Pcs,Nissan SD22,available,,2025-11-10 09:04:34,2025-11-10 08:50:11
63,M405,Air Filter A-5541,Pcs,"TYT 7FD40,45",available,,2025-11-10 09:04:34,2025-11-10 08:50:11
64,M406,Air Filter A-1014-1,Pcs,Kom FD40-70/5FD25-30,available,,2025-11-10 09:04:34,2025-11-10 08:50:11
65,M407,Air Filter 83338,Pcs,Kom FD25/30T-12,available,,2025-11-10 09:04:34,2025-11-10 08:50:11
66,M408,Air Filter A-1126,Pcs,TYT 7FD25/30,available,,2025-11-10 09:04:34,2025-11-10 08:50:11
67,M410,Air Filter 0009839016V,Pcs,,available,,2025-11-10 09:04:34,2025-11-10 08:50:11
68,M412,Air Filter P77-7368,Pcs,Linde H200,available,,2025-11-10 09:04:34,2025-11-10 08:50:11
69,M415,Air Filter A5627/A-083,Pcs,Toyota 3FD115,available,,2025-11-10 09:04:34,2025-11-10 08:50:11
70,M416,Air Filter A-8505,Pcs,Mitsubishi FD30,available,,2025-11-10 09:04:34,2025-11-10 08:50:11
71,M417,Air Filter AS-5628,Pcs,5FD80,available,,2025-11-10 09:04:34,2025-11-10 08:50:11
72,M418,Air Filter A-7939,Pcs,,available,,2025-11-10 09:04:34,2025-11-10 08:50:11
73,M419,Air Filter A-6006,Pcs,Cat DP150,available,,2025-11-10 09:04:34,2025-11-10 08:50:11
74,M431,Knalpot Filter Adapter,Pcs,,available,,2025-11-10 09:04:34,2025-11-10 08:50:11
75,M445,Load Wheel 0029902329,Pcs,Linde R14S,available,,2025-11-10 09:04:34,2025-11-10 08:50:11
76,M446,Load Wheel 115033401,Pcs,Crown RR5210,available,,2025-11-10 09:04:34,2025-11-10 08:50:11
77,M447,Load Wheel 115032302,Pcs,Crown RD5725,available,,2025-11-10 09:04:34,2025-11-10 08:50:11
78,M448,Load Wheel 50052962,Pcs,AM 22,available,,2025-11-10 09:04:34,2025-11-10 08:50:11
79,M449,Load Wheel Hippo,Pcs,,available,,2025-11-10 09:04:34,2025-11-10 08:50:11
80,M450,Load Wheel Nylon Total Lifter CBD25,Pcs,CBD25/HIPPO,available,,2025-11-10 09:04:34,2025-11-10 08:50:11
81,M451,Load Wheel V12,Pcs,Linde V12,available,,2025-11-10 09:04:34,2025-11-10 08:50:11
82,M452,Load Wheel 50060757,Pcs,AM 2200,available,,2025-11-10 09:04:34,2025-11-10 08:50:11
83,M453,Load Wheel 80mm x 70mm,Pcs,Krisbow,available,,2025-11-10 09:04:34,2025-11-10 08:50:11
84,M454,Load Wheel 90mm,Pcs,,available,,2025-11-10 09:04:34,2025-11-10 08:50:11
85,M455,Load Wheel A-Truck,Pcs,A-Truck,available,,2025-11-10 09:04:34,2025-11-10 08:50:11
86,M457,Load Wheel HL4043,Pcs,Linde,available,,2025-11-10 09:04:34,2025-11-10 08:50:11
87,M458,Load Wheel,Pcs,AM 2200,available,,2025-11-10 09:04:34,2025-11-10 08:50:11
88,M459,Load Wheel(Relining),Pcs,,available,,2025-11-10 09:04:34,2025-11-10 08:50:11
89,M460,Load Wheel (Guide) A-Truck New Series,Pcs,Linde A-Truck New Series,available,,2025-11-10 09:04:34,2025-11-10 08:50:11
90,M461,Load Wheel Linde Atruck,Pcs,Atruck,available,,2025-11-10 09:04:34,2025-11-10 08:50:11
91,M462,Load Wheel 0039903513,Pcs,Linde L12,available,,2025-11-10 09:04:34,2025-11-10 08:50:11
92,M463,Load Wheel M25 Nylon,Pcs,Linde M25,available,,2025-11-10 09:04:34,2025-11-10 08:50:11
93,M464,Load Wheel A-Truck New Series 0009903903,Pcs,A-Truck New Series,available,,2025-11-10 09:04:34,2025-11-10 08:50:11
94,M465,Load Wheel(Tyre Poly 13x5.5x9.5),Pcs,RD5700 Series,available,,2025-11-10 09:04:34,2025-11-10 08:50:11
95,M466,Load Wheel 0039933649,Pcs,Linde T20AP,available,,2025-11-10 09:04:34,2025-11-10 08:50:11
96,M467,Load Wheel 0039933603,Pcs,Linde T20SP,available,,2025-11-10 09:04:34,2025-11-10 08:50:11
97,M468,Load Wheel Relining(Guide Wheel),Pcs,Linde V12,available,,2025-11-10 09:04:34,2025-11-10 08:50:11
98,M469,Load Wheel Guide Relining,Pcs,Linde A-Truck,available,,2025-11-10 09:04:34,2025-11-10 08:50:11
99,M470,Drive Wheel Linde A-Truck Baru,Pcs,Linde A-Truck New Series,available,,2025-11-10 09:04:34,2025-11-10 08:50:11
100,M471,Drive Wheel M25 Polyurethane HL3979,Pcs,,available,,2025-11-10 09:04:34,2025-11-10 08:50:11
101,M472,Drive Wheel Linde L12,Pcs,Linde L12,available,,2025-11-10 09:04:34,2025-11-10 08:50:11
102,M473,Drive Wheel 150x50mm,Pcs,Linde L12(Castor),available,,2025-11-10 09:04:34,2025-11-10 08:50:11
103,M474,Drive Wheel OD 360mm,Pcs,Linde A-Truck,available,,2025-11-10 09:04:34,2025-11-10 08:50:11
104,M475,Drive Wheel 330x193x145,Pcs,TYT 7FBR18,available,,2025-11-10 09:04:34,2025-11-10 08:50:11
105,M476,Drive Wheel V12(Relining),Pcs,V12,available,,2025-11-10 09:04:34,2025-11-10 08:50:11
106,M477,Drive Wheel Crown(Relining),Pcs,RD5725,available,,2025-11-10 09:04:34,2025-11-10 08:50:11
107,M478,Drive Wheel Nylon Total Lifter CBD25,Pcs,CBD25/AM22,available,,2025-11-10 09:04:34,2025-11-10 08:50:11
108,M478A,Drive Wheel PU 180x50mm,Pcs,,available,,2025-11-10 09:04:34,2025-11-10 08:50:11
109,M479,Drive Wheel L12(Relining),Pcs,Linde L12,available,,2025-11-10 09:04:34,2025-11-10 08:50:11
110,M480,Drive Wheel 200 x 50,Pcs,Linde M25,available,,2025-11-10 09:04:34,2025-11-10 08:50:11
111,M481,Castor Wheel 0039903575,Pcs,,available,,2025-11-10 09:04:34,2025-11-10 08:50:11
112,M482,Castor Wheel T20AP 0039903519,Pcs,Linde T20AP,available,,2025-11-10 09:04:34,2025-11-10 08:50:11
113,M483,Castor Wheel Crown(Relining),Pcs,RR5200 & RD5725,available,,2025-11-10 09:04:34,2025-11-10 08:50:11
114,M484,Castor Wheel L12(Relining),Pcs,Linde L12,available,,2025-11-10 09:04:34,2025-11-10 08:50:11
115,M485,Castor Wheel 350x90x80,Pcs,TYT 7FBR18,available,,2025-11-10 09:04:34,2025-11-10 08:50:11
116,M486,Drive Wheel 50303620,Pcs,AM 22,available,,2025-11-10 09:04:34,2025-11-10 08:50:11
117,M487,Castor Wheel 0009933803,Pcs,Linde T20SP,available,,2025-11-10 09:04:34,2025-11-10 08:50:11
118,M487A,Castor Wheel 0009933803 (Genuine),Pcs,Linde T20SP,available,,2025-11-10 09:04:34,2025-11-10 08:50:11
119,M488,Drive Wheel 0039902311,Pcs,Linde R14/T20SP,available,,2025-11-10 09:04:34,2025-11-10 08:50:11
120,M489,Drive Wheel 269/090187000,Pcs,AM22,available,,2025-11-10 09:04:34,2025-11-10 08:50:11
121,M491,Steer Wheel,Pcs,AM 2200,available,,2025-11-10 09:04:34,2025-11-10 08:50:11
122,M493,Steer Wheel 71807700,Pcs,AM2000,available,,2025-11-10 09:04:34,2025-11-10 08:50:11
123,M494,Stabilizer Wheel 0039903515,Pcs,Linde L12,available,,2025-11-10 09:04:34,2025-11-10 08:50:11
124,M496,Drive Wheel 0029903814,Pcs,Linde R14S,available,,2025-11-10 09:04:34,2025-11-10 08:50:11
125,M501,Valve Actuation HL4059,Pcs,Linde Handjack,available,,2025-11-10 09:04:34,2025-11-10 08:50:11
126,M502,Valve Actuation 50137118,Pcs,AM2000/2200,available,,2025-11-10 09:04:34,2025-11-10 08:50:11
127,M503,Valve Actuation 50410215,Pcs,,available,,2025-11-10 09:04:34,2025-11-10 08:50:11
128,M504,Valve Actuation 128TA4456,Pcs,CBD25/30,available,,2025-11-10 09:04:34,2025-11-10 08:50:11
129,M521,Handle 50052903,Pcs,AM 2200,available,,2025-11-10 09:04:34,2025-11-10 08:50:11
130,M522,Handle 50410252,Pcs,Jungheinrich,available,,2025-11-10 09:04:34,2025-11-10 08:50:11
131,M551-,Kepala Aki Besar -,Pcs,,available,,2025-11-10 09:04:34,2025-11-10 08:50:11
132,M551+,Kepala Aki Besar +,Pcs,,available,,2025-11-10 09:04:34,2025-11-10 08:50:11
133,M552,Kepala Aki Kupu-Kupu,Pcs,,available,,2025-11-10 09:04:34,2025-11-10 08:50:11
134,M553,Terminal Tab Traction Battery,Pcs,,available,,2025-11-10 09:04:34,2025-11-10 08:50:11
135,M556,Male Joint TVH/100BA2938,Pcs,Auto Filling,available,,2025-11-10 09:04:34,2025-11-10 08:50:11
136,M557,Female Joint TVH/100BA2927,Pcs,Auto Filling,available,,2025-11-10 09:04:34,2025-11-10 08:50:11
137,M581,Radiator Coolant 500 ml,Pcs,,available,,2025-11-10 09:04:34,2025-11-10 08:50:11
138,M582,Radiator Coolant 4L,Pcs,,available,,2025-11-10 09:04:34,2025-11-10 08:50:11
139,M588,Brake Fluid 1/2 ltr DOT-3,Pcs,,available,,2025-11-10 09:04:34,2025-11-10 08:50:11
140,M589,Brake Fluid 1/2 ltr DOT-4,Pcs,,available,,2025-11-10 09:04:34,2025-11-10 08:50:11
141,M590,Brake Fluid 1 ltr DOT-4,Pcs,,available,,2025-11-10 09:04:34,2025-11-10 08:50:11
142,M596,Engine Oil Mobil S1000 (4L),Pcs,Forklift Bensin,available,,2025-11-10 09:04:34,2025-11-10 08:50:11
143,M601,Transmission Gauge,Pcs,TYT 8FD25,available,,2025-11-10 09:04:34,2025-11-10 08:50:11
144,M602,Transmission Gauge 32604-26610-71,Pcs,TYT 8FD25,available,,2025-11-10 09:04:34,2025-11-10 08:50:11
145,M606,Fuel Gauge 12V With Float,Pcs,TYT 8FD30,available,,2025-11-10 09:04:34,2025-11-10 08:50:11
146,M607,Fuel Gauge 24V With Float,Pcs,Forklift 6-8 Ton,available,,2025-11-10 09:04:34,2025-11-10 08:50:11
147,M611,Bonet Damper 7FD25,Pcs,7FD25/30,available,,2025-11-10 09:04:34,2025-11-10 08:50:11
148,M612,Bonet Damper 8FD25,Pcs,TYT 8FD25,available,,2025-11-10 09:04:34,2025-11-10 08:50:11
149,M621,Windowpanel Plexiglass 12005761,Pcs,TYT 8FD25/30,available,,2025-11-10 09:04:34,2025-11-10 08:50:11
150,M622,Windowpanel Plexiglass 12005760,Pcs,TYT 8FD25/30,available,,2025-11-10 09:04:34,2025-11-10 08:50:11
151,N101,Accelerator Cable 230C5-20201,Pcs,TCM FD70Z8,available,,2025-11-10 09:04:34,2025-11-10 08:50:11
152,N102,Accelerator Cable 26620-23660-71,Pcs,TYT 7FD25/30 (2Z),available,,2025-11-10 09:04:34,2025-11-10 08:50:11
153,N103,Accelerator Cable 37219-TYB,Pcs,Toyota 7FD25/30,available,,2025-11-10 09:04:34,2025-11-10 08:50:11
154,N104,Accelerator Cable BP-1635,Pcs,Kom FD25T-11,available,,2025-11-10 09:04:34,2025-11-10 08:50:11
155,N105,Accelerator Cable 26620-23360-71,Pcs,TYT 7FD25/30,available,,2025-11-10 09:04:34,2025-11-10 08:50:11
156,N106,Accelerator Cable 26620-26620-71,Pcs,TYT 8FD25/30,available,,2025-11-10 09:04:34,2025-11-10 08:50:11
157,N107,Accelerator Cable 26620-26621-71,Pcs,TYT (2Z),available,,2025-11-10 09:04:34,2025-11-10 08:50:11
158,N144,Belting A47,Pcs,,available,,2025-11-10 09:04:34,2025-11-10 08:50:11
159,N145,Belting A47,Pcs,,available,,2025-11-10 09:04:34,2025-11-10 08:50:11
160,N147,Belting A50,Pcs,,available,,2025-11-10 09:04:34,2025-11-10 08:50:11
161,N151,Belting B47,Pcs,,available,,2025-11-10 09:04:34,2025-11-10 08:50:11
162,N152,Belting B48,Pcs,TYT 7FD40,available,,2025-11-10 09:04:34,2025-11-10 08:50:11
163,N154,Belting B50,Pcs,,available,,2025-11-10 09:04:34,2025-11-10 08:50:11
164,N155,Belting B52,Pcs,,available,,2025-11-10 09:04:34,2025-11-10 08:50:11
165,N161,Belt For Flat Drive 0039265100,Pcs,Linde L12,available,,2025-11-10 09:04:34,2025-11-10 08:50:11
166,N191,Kursi Forklift,Pcs,,available,,2025-11-10 09:04:34,2025-11-10 08:50:11
167,N192,Kursi Forklift Jahitan,Pcs,,available,,2025-11-10 09:04:34,2025-11-10 08:50:11
168,N193,Kursi Forklift Toyota 8FD25/30,Pcs,,available,,2025-11-10 09:04:34,2025-11-10 08:50:11
169,N195,Control Current Cable 52223803003,Pcs,Linde V12,available,,2025-11-10 09:04:34,2025-11-10 08:50:11
170,N196,Control Current Cable 8397543,Pcs,Linde V12,available,,2025-11-10 09:04:34,2025-11-10 08:50:11
171,N198,Displacement Transducer Ex,Pcs,Linde V12,available,,2025-11-10 09:04:34,2025-11-10 08:50:12
172,N201,Brake Cable 1580 mm,Pcs,TYT 7FD40,available,,2025-11-10 09:04:34,2025-11-10 08:50:12
173,N202,Brake Cable 38003/38004 (R/L),Pcs,,available,,2025-11-10 09:04:34,2025-11-10 08:50:12
174,N203,Brake Cable 38052,Pcs,,available,,2025-11-10 09:04:34,2025-11-10 08:50:12
175,N204,Brake Cable 38053,Pcs,,available,,2025-11-10 09:04:34,2025-11-10 08:50:12
176,N205,Brake Cable 980 mm,Pcs,TYT 7FD40,available,,2025-11-10 09:04:34,2025-11-10 08:50:12
177,N206,Brake Cable Daewoo D70,Pcs,Daewoo D70,available,,2025-11-10 09:04:34,2025-11-10 08:50:12
178,N207,Brake Cable 47403-26600-71 ( R ),Pcs,TYT 8FD25,available,,2025-11-10 09:04:34,2025-11-10 08:50:12
179,N208,Brake Cable 47404-26600-71 ( L ),Pcs,TYT 8FD25,available,,2025-11-10 09:04:34,2025-11-10 08:50:12
180,N209,Brake Cable 47406-36600-71 ( R ),Pcs,TYT 8FD30,available,,2025-11-10 09:04:34,2025-11-10 08:50:12
181,N210,Brake Cable 47407-36600-71 ( L ),Pcs,TYT 8FD30,available,,2025-11-10 09:04:34,2025-11-10 08:50:12
182,N211,Brake Cable 47404-33240-71 (R),Pcs,TYT 7FD30,available,,2025-11-10 09:04:34,2025-11-10 08:50:12
183,N212,Brake Cable 47405-33240-71 (L),Pcs,TYT 7FD30,available,,2025-11-10 09:04:34,2025-11-10 08:50:12
184,N213,Brake Cable 47407-23000-71 ( R ),Pcs,TYT 5FD25-30,available,,2025-11-10 09:04:34,2025-11-10 08:50:12
185,N214,Brake Cable 47408-23000-71 ( L ),Pcs,TYT 5FD25-30,available,,2025-11-10 09:04:34,2025-11-10 08:50:12
186,N215,Brake Cable Pull 0009350671,Pcs,Linde E16C,available,,2025-11-10 09:04:34,2025-11-10 08:50:12
187,N216,Parking Cable 46105-26660-71,Pcs,TYT 8FD25/30,available,,2025-11-10 09:04:34,2025-11-10 08:50:12
188,N226,Brake Pin Set,Pcs,TYT 8FD25/30,available,,2025-11-10 09:04:34,2025-11-10 08:50:12
189,N231,Dynamo Charge IDZ & 13Z,Pcs,TYT 6FD / 7FD,available,,2025-11-10 09:04:34,2025-11-10 08:50:12
190,N232,Dynamo Charge IZ,Pcs,TYT 5FD,available,,2025-11-10 09:04:34,2025-11-10 08:50:12
191,N233,Dynamo Charge Toy 1Z & 1DZ & Kom 4D95S,Pcs,,available,,2025-11-10 09:04:34,2025-11-10 08:50:12
192,N234,Dynamo Charge TYB 2Z & 13Z,Pcs,,available,,2025-11-10 09:04:34,2025-11-10 08:50:12
193,N235,Dynamo Charge24V,Pcs,033000-6000,available,,2025-11-10 09:04:34,2025-11-10 08:50:12
194,N241,Dynamo Starter Toyota Genuine 28100-40291-71G,Pcs,TYT 8FD25/30,available,,2025-11-10 09:04:34,2025-11-10 08:50:12
195,N242,Dynamo Starter 24V,Pcs,Toyota 7-8 Ton,available,,2025-11-10 09:04:34,2025-11-10 08:50:12
196,N243,Dynamo Starter 4D94E,Pcs,Komatsu FD30T-14,available,,2025-11-10 09:04:34,2025-11-10 08:50:12
197,N244,Dynamo Starter 1DZ-2 28100-40291-71,Pcs,TYT 8FD25/30,available,,2025-11-10 09:04:34,2025-11-10 08:50:12
198,N246,Steering Unit Linde A Truck,Pcs,Linde A-Truck,available,,2025-11-10 09:04:34,2025-11-10 08:50:12
199,N251,Hose Multipurpose FF 1/2,Pcs,,available,,2025-11-10 09:04:34,2025-11-10 08:50:12
200,N252,Hose Multipurpose FF 3/4,Pcs,,available,,2025-11-10 09:04:34,2025-11-10 08:50:12
201,N253,Hose Multipurpose 5/8,Pcs,,available,,2025-11-10 09:04:34,2025-11-10 08:50:12
202,N256,Engine Hood Rubber,Pcs,,available,,2025-11-10 09:04:34,2025-11-10 08:50:12
203,N258,Hose Suction 064173-026,Pcs,Crown RR5210,available,,2025-11-10 09:04:34,2025-11-10 08:50:12
204,N261,Hose Radiator Upper 1DZ-2,Pcs,8FD25/30,available,,2025-11-10 09:04:34,2025-11-10 08:50:12
205,N262,Hose Radiator Lower 1DZ-2,Pcs,8FD25/30,available,,2025-11-10 09:04:34,2025-11-10 08:50:12
206,N263,Hose Radiator Upper 16511-23360-71,Pcs,Toyota 7FD25/30,available,,2025-11-10 09:04:34,2025-11-10 08:50:12
207,N264,Hose Radiator Lower 16512-23360-71,Pcs,Toyota 7FD25/30,available,,2025-11-10 09:04:34,2025-11-10 08:50:12
208,N265,Hose Radiator Upper 224W2-12181,Pcs,TCM FD35Z7,available,,2025-11-10 09:04:34,2025-11-10 08:50:12
209,N267,Hose Radiator 3244483503,Pcs,,available,,2025-11-10 09:04:34,2025-11-10 08:50:12
210,N271,Hose Hydraulic,Pcs,TYT 8FD25,available,,2025-11-10 09:04:34,2025-11-10 08:50:12
211,N272,Hose Hydraulic 68161-32890-71,Pcs,TYT 8FD25,available,,2025-11-10 09:04:34,2025-11-10 08:50:12
212,N273,Hose Hydraulic 68115-23360-71,Pcs,TYT 7FD25/30,available,,2025-11-10 09:04:34,2025-11-10 08:50:12
213,N274,Hose Hydraulic 68116-23440-71,Pcs,TYT 8FD25/30,available,,2025-11-10 09:04:34,2025-11-10 08:50:12
214,N275,Hose Hydraulic 68174-26600-71,Pcs,TYT 8FD25/30,available,,2025-11-10 09:04:34,2025-11-10 08:50:12
215,N276,Hose Hydraulic 68174-23320-71,Pcs,TYT 8FD25/30,available,,2025-11-10 09:04:34,2025-11-10 08:50:12
216,N281,Hose Preformed Rubber 3224484002,Pcs,Linde E15c,available,,2025-11-10 09:04:34,2025-11-10 08:50:12
217,N282,Hose Ventilation 12261-78202-71G,Pcs,TYT 8FD25/30,available,,2025-11-10 09:04:34,2025-11-10 08:50:12
218,N283,Twin Hose 0009507229,Pcs,Linde E16c,available,,2025-11-10 09:04:34,2025-11-10 08:50:12
219,N284,Twin Hose 0029503299,Pcs,Linde R20S,available,,2025-11-10 09:04:34,2025-11-10 08:50:12
220,N285,Twin Hose 0009505751,Pcs,Linde E16C,available,,2025-11-10 09:04:34,2025-11-10 08:50:12
221,N286,Rubber Bonnet Strip,Pcs,,available,,2025-11-10 09:04:34,2025-11-10 08:50:12
222,N287,Twin Hose 0029503304,Pcs,,available,,2025-11-10 09:04:34,2025-11-10 08:50:12
223,N291,Inching Cable 47110-23330-71,Pcs,TYT 7FD25/30,available,,2025-11-10 09:04:34,2025-11-10 08:50:12
224,N292,Inching Cable 47110-26610-71,Pcs,TYT 8FD25/30,available,,2025-11-10 09:04:34,2025-11-10 08:50:12
225,N296,Cable Pull 0009350332,Pcs,Linde E15/E16,available,,2025-11-10 09:04:34,2025-11-10 08:50:12
226,N303,Starter Motor Isuzu C-240,Pcs,,available,,2025-11-10 09:04:34,2025-11-10 08:50:12
227,N323,Water Pump Isuzu 6BD1 A-4242 TCM,Pcs,,available,,2025-11-10 09:04:34,2025-11-10 08:50:12
228,N324,Water Pump Toyota 1DZ,Pcs,,available,,2025-11-10 09:04:34,2025-11-10 08:50:12
229,N325,Water Pump Original Toyota 16100-78205-71G,Pcs,8FD25/30,available,,2025-11-10 09:04:34,2025-11-10 08:50:12
230,N326,Water Pump 6BG1,Pcs,TCM FD70Z8,available,,2025-11-10 09:04:34,2025-11-10 08:50:12
231,N331,Water Pump Outlet,Pcs,,available,,2025-11-10 09:04:34,2025-11-10 08:50:12
232,N341,Hydraulic Pump 67120-26650-71,Pcs,TYT 8FD25/30,available,,2025-11-10 09:04:34,2025-11-10 08:50:12
233,N342,Hydraulic Pump Rexroth 0517515307,Pcs,Linde E16c,available,,2025-11-10 09:04:34,2025-11-10 08:50:12
234,N343,Hydraulic Pump Heli 117M7-10401,Pcs,,available,,2025-11-10 09:04:34,2025-11-10 08:50:12
235,N346,Hydraulic Pump Fitting 8FD30,Pcs,,available,,2025-11-10 09:04:34,2025-11-10 08:50:12
236,N351,RIM 600x9,Pcs,,available,,2025-11-10 09:04:34,2025-11-10 08:50:12
237,N352,RIM 650x10,Pcs,,available,,2025-11-10 09:04:34,2025-11-10 08:50:12
238,N353,RIM 700x12 - 8H,Pcs,,available,,2025-11-10 09:04:34,2025-11-10 08:50:12
239,N354,Rim 18x7x-8,Pcs,,available,,2025-11-10 09:04:34,2025-11-10 08:50:12
240,N355,Rim 815 x 15,Pcs,Toyota 8FD30,available,,2025-11-10 09:04:34,2025-11-10 08:50:12
241,N358,Hub Wheel TVH/8559897,Pcs,Mith FD30NT,available,,2025-11-10 09:04:34,2025-11-10 08:50:12
242,N361,Housing Oil Seal,Pcs,Nissan TD27,available,,2025-11-10 09:04:34,2025-11-10 08:50:12
243,N371,Auto Filing Tank C004,Pcs,,available,,2025-11-10 09:04:34,2025-11-10 08:50:12
244,N372,Auto Filling Plug,Pcs,,available,,2025-11-10 09:04:34,2025-11-10 08:50:12
245,N376,Kaki Dynamo Cas,Pcs,,available,,2025-11-10 09:04:34,2025-11-10 08:50:12
246,N381,Gear Ring 12312-Z5500,Pcs,Nissan TD27,available,,2025-11-10 09:04:34,2025-11-10 08:50:12
247,N382,Flywheel Gear Assy 32101-22782-71G,Pcs,TYT 8FD25/30,available,,2025-11-10 09:04:34,2025-11-10 08:50:12
248,N391,Hoseline 3244483508,Pcs,Linde E15,available,,2025-11-10 09:04:34,2025-11-10 08:50:12
249,N392,Hoseline 0009575507,Pcs,Linde E16c,available,,2025-11-10 09:04:34,2025-11-10 08:50:12
250,N393,Hoseline 0009575508,Pcs,Linde E16c,available,,2025-11-10 09:04:34,2025-11-10 08:50:12
251,N396,Oil Pan 12101-78200-71 TYT 1DZ,Pcs,,available,,2025-11-10 09:04:34,2025-11-10 08:50:12
252,N400,Toggle Switch 7915490511,Pcs,Linde R14S,available,,2025-11-10 09:04:34,2025-11-10 08:50:12
253,N401,Toggle Switch 0009732614,Pcs,Linde E16c,available,,2025-11-10 09:04:34,2025-11-10 08:50:12
254,N402,Symbol Insert 0009383501,Pcs,Linde E16c,available,,2025-11-10 09:04:34,2025-11-10 08:50:12
255,N403,Filter 0009830826,Pcs,Linde E16c,available,,2025-11-10 09:04:34,2025-11-10 08:50:12
256,N404,Sensor Assembly J3501068,Pcs,Linde E15C,available,,2025-11-10 09:04:34,2025-11-10 08:50:12
257,N405,Seal Air Filter 0009830715,Pcs,,available,,2025-11-10 09:04:34,2025-11-10 08:50:12
258,N406,Air Filter 0009832118,Pcs,,available,,2025-11-10 09:04:34,2025-11-10 08:50:12
259,N407,Regulator 15310-76002-71,Pcs,Toyota 8FD30,available,,2025-11-10 09:04:34,2025-11-10 08:50:12
260,N408,Sensor 8431609/7917415033,Pcs,Linde A-Truck,available,,2025-11-10 09:04:34,2025-11-10 08:50:12
261,N409,Sensor Proximity 8409476,Pcs,Linde A-Truck,available,,2025-11-10 09:04:34,2025-11-10 08:50:12
262,N410,Sensor 7917415043,Pcs,Linde A-Truck,available,,2025-11-10 09:04:34,2025-11-10 08:50:12
263,N411,Pinion Gear Set,Pcs,TYT 7FD30,available,,2025-11-10 09:04:34,2025-11-10 08:50:12
264,N421,Chain Lift 1034,Pcs,Toyota 7FD45,available,,2025-11-10 09:04:34,2025-11-10 08:50:12
265,N426,Chain Connector Link 72300-33660-71,Pcs,Toyota 8FD30,available,,2025-11-10 09:04:34,2025-11-10 08:50:12
266,N431,Exhaust Pipe 1 3/4 x 8,Pcs,Toyota 8FD25/30,available,,2025-11-10 09:04:34,2025-11-10 08:50:12
267,N432,Exhaust Pipe 2 x 8,Pcs,,available,,2025-11-10 09:04:34,2025-11-10 08:50:12
268,N436,Spark Arresster 1 3/4,Pcs,,available,,2025-11-10 09:04:34,2025-11-10 08:50:12
269,N441,Hose Air Cleaner Assy 1DZ-2,Pcs,Toyota 8FD25,available,,2025-11-10 09:04:34,2025-11-10 08:50:12
270,N442,Hose Air Cleaner Assy 2Z,Pcs,Toyota 7FD30,available,,2025-11-10 09:04:34,2025-11-10 08:50:12
271,N443,Hose Air Cleaner 17811-26661-71,Pcs,TYT 8FD25/30,available,,2025-11-10 09:04:34,2025-11-10 08:50:12
272,N446,Air Cleaner Assy,Pcs,Mith FD30NT,available,,2025-11-10 09:04:34,2025-11-10 08:50:12
273,N447,Air Cleaner Assy 17710-26600-71,Pcs,Toyota 7FD30,available,,2025-11-10 09:04:34,2025-11-10 08:50:12
274,N461,Clutch Plate 31250-20565-71J,Pcs,Toyota 7FD25/30,available,,2025-11-10 09:04:34,2025-11-10 08:50:12
275,N501,Liner 1DZ-2 11461-78200-71,Pcs,TYT 8FD25/30,available,,2025-11-10 09:04:34,2025-11-10 08:50:12
276,N502,Piston 1DZ-2 13101-78202-71,Pcs,TYT 8FD25/30,available,,2025-11-10 09:04:34,2025-11-10 08:50:12
277,N503,Ring Piston STD 1DZ-2 13011-78202-71,Pcs,TYT 8FD25/30,available,,2025-11-10 09:04:34,2025-11-10 08:50:12
278,N504,Thrust Washer 11011-78202-71,Pcs,TYT 8FD25/30,available,,2025-11-10 09:04:34,2025-11-10 08:50:12
279,N505,Con Rod Bush 1DZ-2 90999-83950-71,Pcs,TYT 8FD25/30,available,,2025-11-10 09:04:34,2025-11-10 08:50:12
280,N506,Camshaft Bearing 11802-78200-71,Pcs,TYT 8FD25/30,available,,2025-11-10 09:04:34,2025-11-10 08:50:12
281,N507,Overhaul Gasket 1DZ-2 Orignal 04111-20324-71,Pcs,TYT 8FD25/30,available,,2025-11-10 09:04:34,2025-11-10 08:50:12
282,N508,Valve Cover Gasket 1DZ/1DZ-2,Pcs,TYT 8FD25/30,available,,2025-11-10 09:04:34,2025-11-10 08:50:12
283,N509,Valve Cover Gasket S4S 32A04-13200,Pcs,Mith FD30NT,available,,2025-11-10 09:04:34,2025-11-10 08:50:12
284,N510,Main Bearing STD 11702-78202-71,Pcs,TYT 8FD25/30,available,,2025-11-10 09:04:34,2025-11-10 08:50:12
285,N511,Con Rod Bearing STD 13041-78200-71,Pcs,TYT 8FD25/30,available,,2025-11-10 09:04:34,2025-11-10 08:50:12
286,N512,In Valve 13711-78200-71,Pcs,TYT 8FD25/30,available,,2025-11-10 09:04:34,2025-11-10 08:50:12
287,N513,Ex Valve 13715-78200-71,Pcs,TYT 8FD25/30,available,,2025-11-10 09:04:34,2025-11-10 08:50:12
288,N514,Valve Cover Gasket 2Z,Pcs,TYT 8FD25/30,available,,2025-11-10 09:04:34,2025-11-10 08:50:12
289,N515,Transmission Overhaul Kit 04321-20841-71G,Pcs,TYT 8FD25/30,available,,2025-11-10 09:04:34,2025-11-10 08:50:12
290,N516,Con Rod Assy Original 13201-78200-71,Pcs,TYT 8FD25/30,available,,2025-11-10 09:04:34,2025-11-10 08:50:12
291,N521,Tilt Cylinder Assy 35mm,Pcs,TYT 8FD25/30,available,,2025-11-10 09:04:34,2025-11-10 08:50:12
292,N522,Hydraulic Cylinder Assy 1314401705,Pcs,Linde T20AP,available,,2025-11-10 09:04:34,2025-11-10 08:50:12
293,N526,Toyota Panel Meter 57110-26620-71G,Pcs,TYT 8FD25/30,available,,2025-11-10 09:04:34,2025-11-10 08:50:12
294,N527,Display Unit 0009460909,Pcs,Linde E30SL,available,,2025-11-10 09:04:34,2025-11-10 08:50:12
295,N528,Display Unit 0009400757,Pcs,Linde E16C,available,,2025-11-10 09:04:34,2025-11-10 08:50:12
296,O101,Bush 43735-23320-71,Pcs,TYT 8FD25/30,available,,2025-11-10 09:04:34,2025-11-10 08:50:12
297,O102,Bush 43735-13310-71,Pcs,TYT 7FD25/30,available,,2025-11-10 09:04:34,2025-11-10 08:50:12
298,O103,Bush Baja,Pcs,AM2200,available,,2025-11-10 09:04:34,2025-11-10 08:50:12
299,O104,Bushing Dynamo Charge OD22xID10x29mm,Pcs,,available,,2025-11-10 09:04:34,2025-11-10 08:50:12
300,O105,Bush+Pin,Pcs,AM2200,available,,2025-11-10 09:04:34,2025-11-10 08:50:12
301,O106,Bush 0009230107,Pcs,,available,,2025-11-10 09:04:34,2025-11-10 08:50:12
302,O107,Bush 0009642342,Pcs,Linde E15C,available,,2025-11-10 09:04:34,2025-11-10 08:50:12
303,O108,Bush/Guide 50052945,Pcs,AM2200,available,,2025-11-10 09:04:34,2025-11-10 08:50:12
304,O109,Bush & Pin CX25,Pcs,Demag CX25,available,,2025-11-10 09:04:34,2025-11-10 08:50:12
305,O110,Bush Gear Level 90386-13007-71,Pcs,TYT 8FD25/30,available,,2025-11-10 09:04:34,2025-11-10 08:50:12
306,O111,Bush Gear Level 90381-18000-71,Pcs,TYT 8FD25/30,available,,2025-11-10 09:04:34,2025-11-10 08:50:12
307,O116,Bush CV 67655-23320-71,Pcs,TYT 8FD25/30,available,,2025-11-10 09:04:34,2025-11-10 08:50:12
308,O117,Bush CV 67656-23320-71,Pcs,TYT 8FD25/30,available,,2025-11-10 09:04:34,2025-11-10 08:50:12
309,O121,Bushing Rear Axle,Pcs,TCM FD40Z7,available,,2025-11-10 09:04:34,2025-11-10 08:50:12
310,O123,Bushing Rear Axle 24501,Pcs,,available,,2025-11-10 09:04:34,2025-11-10 08:50:12
311,O125,Bushing Rear Axle 24506,Pcs,Toyota 7FD40,available,,2025-11-10 09:04:34,2025-11-10 08:50:12
312,O126,Bushing Mast 97910-04040-71,Pcs,TYT 8FD25/30,available,,2025-11-10 09:04:34,2025-11-10 08:50:12
313,O132,Circlip/Snap Ring S15 ID=15mm,Pcs,,available,,2025-11-10 09:04:34,2025-11-10 08:50:12
314,O141,Spring Kerucut,Pcs,,available,,2025-11-10 09:04:34,2025-11-10 08:50:12
315,O151,Cover Spring 49x11.5x20,Pcs,,available,,2025-11-10 09:04:34,2025-11-10 08:50:12
316,O152,Cover Spring 50052914,Pcs,AM2000/2200,available,,2025-11-10 09:04:34,2025-11-10 08:50:12
317,O153,"Cover Spring Handjack Bishamon,Stocka,Pramac",Pcs,,available,,2025-11-10 09:04:34,2025-11-10 08:50:12
318,O154,Spring Cover HL3953,Pcs,Linde Handjack,available,,2025-11-10 09:04:34,2025-11-10 08:50:12
319,O155,Spring Horn 57414-22500-71,Pcs,Toyota 8FD25/30,available,,2025-11-10 09:04:34,2025-11-10 08:50:12
320,O156,Contact Horn 57413-22500-71,Pcs,Toyota 8FD25/30,available,,2025-11-10 09:04:34,2025-11-10 08:50:12
321,O161,Cover Bearing,Pcs,,available,,2025-11-10 09:04:34,2025-11-10 08:50:12
322,O171,Flat Washer 26.5 mm,Pcs,,available,,2025-11-10 09:04:34,2025-11-10 08:50:12
323,O172,Flat Washer 30 mm,Pcs,,available,,2025-11-10 09:04:34,2025-11-10 08:50:12
324,O175,Flat Washer 41mm x 75mm,Pcs,,available,,2025-11-10 09:04:34,2025-11-10 08:50:12
325,O176,Washer 0009143219,Pcs,Linde E15,available,,2025-11-10 09:04:34,2025-11-10 08:50:12
326,O177,Washer Lock Front Shaft 43155-20540-71,Pcs,TYT 8FD25,available,,2025-11-10 09:04:34,2025-11-10 08:50:12
327,O191,Grease Nipple DEG45 6m/m,Pcs,,available,,2025-11-10 09:04:34,2025-11-10 08:50:12
328,O192,Grease Nipple DEG67.5 1/8 inchi,Pcs,,available,,2025-11-10 09:04:34,2025-11-10 08:50:12
329,O193,Grease Nipple Straight 1/8 inchi,Pcs,,available,,2025-11-10 09:04:34,2025-11-10 08:50:12
330,O194,Grease Nipple Straight 6 m/m,Pcs,,available,,2025-11-10 09:04:34,2025-11-10 08:50:12
331,O196,Nipple Elbow A6GN-09-09,Pcs,,available,,2025-11-10 09:04:34,2025-11-10 08:50:12
332,O201,Spring Bush 50052946,Pcs,AM2200,available,,2025-11-10 09:04:34,2025-11-10 08:50:12
333,O202,Spring Bush 3353573000,Pcs,Linde E15,available,,2025-11-10 09:04:34,2025-11-10 08:50:12
334,O206,Spring Element 77800443,Pcs,AM2200,available,,2025-11-10 09:04:34,2025-11-10 08:50:12
335,O211,Spring Leaf HL4053,Pcs,Linde Handjack,available,,2025-11-10 09:04:34,2025-11-10 08:50:12
336,O216,Spring Lowering,Pcs,,available,,2025-11-10 09:04:34,2025-11-10 08:50:12
337,O221,Spring Pin HL4054,Pcs,Linde Handjack,available,,2025-11-10 09:04:34,2025-11-10 08:50:12
338,O226,Spring Pump 27810210,Pcs,AM2200,available,,2025-11-10 09:04:34,2025-11-10 08:50:12
339,O227,Spring Pump OD42/ID33/112/9Coil/MS Bishamon,Pcs,,available,,2025-11-10 09:04:34,2025-11-10 08:50:12
340,O231,Spring Brake Pedal 471192361071,Pcs,,available,,2025-11-10 09:04:34,2025-11-10 08:50:12
341,O232,Spring Brake Pedal TVH/12005288,Pcs,,available,,2025-11-10 09:04:34,2025-11-10 08:50:12
342,O236,Spring Transm.Valve 32725-23320-71,Pcs,TYT 7FD25/30,available,,2025-11-10 09:04:34,2025-11-10 08:50:12
343,O237,Spring Transm.Valve 32726-23320-71,Pcs,TYT 7FD25/30,available,,2025-11-10 09:04:34,2025-11-10 08:50:12
344,O251,Plate joining 3244413806,Pcs,,available,,2025-11-10 09:04:34,2025-11-10 08:50:12
345,O258,Lever 3245281008,Pcs,,available,,2025-11-10 09:04:34,2025-11-10 08:50:12
346,O261,Lowering Screw Assy HL3987,Pcs,Linde Handjack,available,,2025-11-10 09:04:34,2025-11-10 08:50:12
347,O262,Lowering Valve Assy HL3988,Pcs,Linde Handjack,available,,2025-11-10 09:04:34,2025-11-10 08:50:12
348,O266,Hydraulic Valve Assy HL3984,Pcs,,available,,2025-11-10 09:04:34,2025-11-10 08:50:12
349,O267,Valve (Flow-Pressure) TVH/10724768,Pcs,TL CBD25,available,,2025-11-10 09:04:34,2025-11-10 08:50:12
350,O268,Valve (Flow-Pressure) 269/50469385,Pcs,AM22,available,,2025-11-10 09:04:34,2025-11-10 08:50:12
351,O282,Pin Axle Bishamon,Pcs,,available,,2025-11-10 09:04:34,2025-11-10 08:50:12
352,O283,Pin Handle 50059508,Pcs,AM2200,available,,2025-11-10 09:04:34,2025-11-10 08:50:12
353,O286,Pin Hande 50137128,Pcs,Jungherich,available,,2025-11-10 09:04:34,2025-11-10 08:50:12
354,O301,Pin Belah 3x30,Pcs,,available,,2025-11-10 09:04:34,2025-11-10 08:50:12
355,O303,Pin Belah 8x50,Pcs,,available,,2025-11-10 09:04:34,2025-11-10 08:50:12
356,O319,Pin Clip 25.6 x 48.5mm,Pcs,Jungherich AM22,available,,2025-11-10 09:04:34,2025-11-10 08:50:12
357,O320,Pin Load Wheel M25,Pcs,Linde M25,available,,2025-11-10 09:04:34,2025-11-10 08:50:12
358,O321,Tube Distance 50052960,Pcs,AM2200,available,,2025-11-10 09:04:34,2025-11-10 08:50:12
359,O322,Tube LH 909237,Pcs,Daewoo D30,available,,2025-11-10 09:04:34,2025-11-10 08:50:12
360,O323,Tube RH 909236,Pcs,Daewoo D30,available,,2025-11-10 09:04:34,2025-11-10 08:50:12
361,O331,Nut 14mm,Pcs,Daewoo D30,available,,2025-11-10 09:04:34,2025-11-10 08:50:12
362,O332,Nut 25301090,Pcs,AM2200,available,,2025-11-10 09:04:34,2025-11-10 08:50:12
363,O333,Nut Hexagon 9210281130,Pcs,,available,,2025-11-10 09:04:34,2025-11-10 08:50:12
364,O345,Valve Seal 1DZ-2 90913-02053,Pcs,Toyota 8FD25/30,available,,2025-11-10 09:04:34,2025-11-10 08:50:12
365,O346,Valve Ex Iz 13715-78300-71,Pcs,,available,,2025-11-10 09:04:34,2025-11-10 08:50:12
366,O347,Valve Guide Toyota 5J,Pcs,,available,,2025-11-10 09:04:34,2025-11-10 08:50:12
367,O348,Valve In Iz 13711-78300-71,Pcs,,available,,2025-11-10 09:04:34,2025-11-10 08:50:12
368,O351,Gear Handbrake,Pcs,Linde E15c,available,,2025-11-10 09:04:34,2025-11-10 08:50:12
369,O371,Bolt M6x15,Pcs,AM2200,available,,2025-11-10 09:04:34,2025-11-10 08:50:12
370,O381,Filter Fuel(O) 23311-23060,Pcs,,available,,2025-11-10 09:04:34,2025-11-10 08:50:12
371,O382,Filter Strainer,Pcs,,available,,2025-11-10 09:04:34,2025-11-10 08:50:12
372,O386,Plate Meter 57123-23330,Pcs,,available,,2025-11-10 09:04:34,2025-11-10 08:50:12
373,O388,Block Fuse 57630-26600-71,Pcs,Toyota 8FD25,available,,2025-11-10 09:04:34,2025-11-10 08:50:12
374,O391,Nipple Kuningan,Pcs,Auto Filling,available,,2025-11-10 09:04:34,2025-11-10 08:50:12
375,O396,Pedal Gas,Pcs,,available,,2025-11-10 09:04:34,2025-11-10 08:50:12
376,O401,Bearing DX 065084-015,Pcs,Crown,available,,2025-11-10 09:04:34,2025-11-10 08:50:12
377,O402,Sleeve 111858-002,Pcs,Crown,available,,2025-11-10 09:04:34,2025-11-10 08:50:12
378,O403,Axle 073962-006,Pcs,Crown RD5725,available,,2025-11-10 09:04:34,2025-11-10 08:50:12
379,O404,Axle 073962-003,Pcs,Crown RR5210,available,,2025-11-10 09:04:34,2025-11-10 08:50:12
380,P101,Bearing 6204ZZ Handjack,Pcs,,available,,2025-11-10 09:04:34,2025-11-10 08:50:12
381,P104,Bearing Roda Depan Besar EH 32015J,Pcs,,available,,2025-11-10 09:04:34,2025-11-10 08:50:12
382,P105,Bearing Roda Depan Kecil 33013A,Pcs,,available,,2025-11-10 09:04:34,2025-11-10 08:50:12
383,P106,Bearing 0009247375,Pcs,Linde R14S,available,,2025-11-10 09:04:34,2025-11-10 08:50:12
384,P107,Bearing 32307,Pcs,Toyota 7FD40,available,,2025-11-10 09:04:34,2025-11-10 08:50:12
385,P108,Deep Groove Ball Bearing 6004ZZE,Pcs,,available,,2025-11-10 09:04:34,2025-11-10 08:50:12
386,P110,Bearing Roda 6305-2RS,Pcs,,available,,2025-11-10 09:04:34,2025-11-10 08:50:12
387,P111,Bearing Roda 6205-2NSE,Pcs,,available,,2025-11-10 09:04:34,2025-11-10 08:50:12
388,P112,Bearing 6004-C3-2RS-VL,Pcs,Linde E15C,available,,2025-11-10 09:04:34,2025-11-10 08:50:12
389,P113,Bearing 6201-C3-2RS-HL-VL,Pcs,Linde E15C,available,,2025-11-10 09:04:34,2025-11-10 08:50:12
390,P115,Bearing Thrust King Pin 90367-28008,Pcs,TYT 8FD25,available,,2025-11-10 09:04:34,2025-11-10 08:50:12
391,P125,Master Bearing 50x129x35,Pcs,Nissan 6 Ton,available,,2025-11-10 09:04:34,2025-11-10 08:50:12
392,P126,Mast Bearing 40x120x28,Pcs,Toyota 7FD30,available,,2025-11-10 09:04:34,2025-11-10 08:50:12
393,P127,Mast Bearing 50x129x35,Pcs,Nissan 4Ton,available,,2025-11-10 09:04:34,2025-11-10 08:50:12
394,P128,Mast Bearing 6307,Pcs,Niss DF05A60U,available,,2025-11-10 09:04:34,2025-11-10 08:50:12
395,P129,Mast Bearing 22658-22401,Pcs,TCM FD70Z8,available,,2025-11-10 09:04:34,2025-11-10 08:50:12
396,P142,Side bearing 70026B,Pcs,TYT 7FD25,available,,2025-11-10 09:04:34,2025-11-10 08:50:12
397,P143,Side Bearing 70077V,Pcs,,available,,2025-11-10 09:04:34,2025-11-10 08:50:12
398,P152,Tapper Roller Bearing 30310,Pcs,TYT 7FD40,available,,2025-11-10 09:04:34,2025-11-10 08:50:12
399,P156,Tappered Roller Bearing 30306(Roda),Pcs,TYT 7FD25,available,,2025-11-10 09:04:34,2025-11-10 08:50:12
400,P158,Tappered Roller Bearing 32209(Roda),Pcs,Kom FD25/30,available,,2025-11-10 09:04:34,2025-11-10 08:50:12
401,P171,Chain Bearing,Pcs,Niss DF05A60U,available,,2025-11-10 09:04:34,2025-11-10 08:50:12
402,P191,Spherical Bearing 9512092305,Pcs,,available,,2025-11-10 09:04:34,2025-11-10 08:50:12
403,P240,King Pin 43231/32-26600-71,Pcs,TYT 8FD25/30,available,,2025-11-10 09:04:34,2025-11-10 08:50:12
404,P241,King Pin Kit (LH),Pcs,TYT 8FD25/30,available,,2025-11-10 09:04:34,2025-11-10 08:50:12
405,P242,King Pin Kit (RH) Sensor,Pcs,TYT 7FD30,available,,2025-11-10 09:04:34,2025-11-10 08:50:12
406,P243,King Pin Kit 24806-KB,Pcs,Kom FD25/30,available,,2025-11-10 09:04:34,2025-11-10 08:50:12
407,P244,King Pin Kit TCM FD35Z7,Pcs,,available,,2025-11-10 09:04:34,2025-11-10 08:50:12
408,P245,King Pin Kit TYT 7FD40,Pcs,,available,,2025-11-10 09:04:34,2025-11-10 08:50:12
409,P246,King Pin Kit TCM FD70Z8,Pcs,TCM FD70Z8,available,,2025-11-10 09:04:34,2025-11-10 08:50:12
410,P247,King Pin Kit TYT 7FD25/30,Pcs,TYT 7FD25/30,available,,2025-11-10 09:04:34,2025-11-10 08:50:12
411,P251,Knuckle (RH) 43211-23321-71,Pcs,TYT 8FD25,available,,2025-11-10 09:04:34,2025-11-10 08:50:12
412,P252,Knuckle (LH) 43212-23321-71,Pcs,TYT 8FD25,available,,2025-11-10 09:04:34,2025-11-10 08:50:12
413,P256,Knuckle Nut 90171-24110-71,Pcs,TYT 8FD25,available,,2025-11-10 09:04:34,2025-11-10 08:50:12
414,P276,Bolt & Nut Con Rod 1DZ-2 13265-76004-71G,Pcs,TYT 8FD25/30,available,,2025-11-10 09:04:34,2025-11-10 08:50:12
415,P277,Bolt+Nut 14x50,Pcs,,available,,2025-11-10 09:04:34,2025-11-10 08:50:12
416,P278,Bolt+Nut Guard 22mm,Pcs,TYT 7FD25,available,,2025-11-10 09:04:34,2025-11-10 08:50:12
417,P279,Bolt+Nut Wheel,Pcs,TYT 3FD110,available,,2025-11-10 09:04:34,2025-11-10 08:50:12
418,P281,Bolt+Nut/Baut Pelek M12x30x1.25,Pcs,,available,,2025-11-10 09:04:34,2025-11-10 08:50:12
419,P283,Bolt+Nut/Baut Roda 16x51 mm,Pcs,"TYT 5,6,7FD25/30",available,,2025-11-10 09:04:34,2025-11-10 08:50:12
420,P284,Bolt+Nut/Baut Roda 18.5x58,Pcs,,available,,2025-11-10 09:04:34,2025-11-10 08:50:12
421,P285,Bolt+Nuts,Pcs,Niss WF03A40U,available,,2025-11-10 09:04:34,2025-11-10 08:50:12
422,P286,Bolt+Nuts RIM 700x12,Pcs,,available,,2025-11-10 09:04:34,2025-11-10 08:50:12
423,P287,Bolt+Nuts 8x120,Pcs,,available,,2025-11-10 09:04:34,2025-11-10 08:50:12
424,P288,Bolt+Nut/Baut Roda Rear,Pcs,TCM FD70Z8,available,,2025-11-10 09:04:34,2025-11-10 08:50:12
425,P289,Bolt Head Engine 90105-11950-71,Pcs,TYT 8FD25-30,available,,2025-11-10 09:04:34,2025-11-10 08:50:12
426,P290,Bolt+Nut Wheel(Tromol) 91243-00800,Pcs,Mith FD30NT,available,,2025-11-10 09:04:34,2025-11-10 08:50:12
427,P291,Bolt/Nut Wheel Hub,Pcs,TCM FD70Z,available,,2025-11-10 09:04:34,2025-11-10 08:50:12
428,P296,Bolt & Nut Front Wheel TYT,Pcs,TYT 8FD30,available,,2025-11-10 09:04:34,2025-11-10 08:50:12
429,P297,"Bolt Special ""U"" TCM FD70Z8",Pcs,TCM FD70Z8,available,,2025-11-10 09:04:34,2025-11-10 08:50:12
430,P301,Pin & Bush (Bishamon),Pcs,,available,,2025-11-10 09:04:34,2025-11-10 08:50:12
431,P302,Pin As Handjack,Pcs,,available,,2025-11-10 09:04:34,2025-11-10 08:50:12
432,P311,Pin Steer Link 43731-23442-71,Pcs,,available,,2025-11-10 09:04:34,2025-11-10 08:50:12
433,P312,Pin Steer Link 43751-23321-71,Pcs,,available,,2025-11-10 09:04:34,2025-11-10 08:50:12
434,P313,Pin Steer link 43753-23321-71,Pcs,,available,,2025-11-10 09:04:34,2025-11-10 08:50:12
435,P315,Pin Steer Link 43731-23342-71,Pcs,TYT 7FD25/30,available,,2025-11-10 09:04:34,2025-11-10 08:50:12
436,P325,Pin+Nut+Washer 43731-13311-71,Pcs,TYT 7FD25/30,available,,2025-11-10 09:04:34,2025-11-10 08:50:12
437,P326,Pin+Nuts 48514-FA200,Pcs,Niss FJ02A30U,available,,2025-11-10 09:04:34,2025-11-10 08:50:12
438,P327,Pin Garpu,Pcs,,available,,2025-11-10 09:04:34,2025-11-10 08:50:12
439,P328,Pin Lock Garpu 76551-30370-71,Pcs,,available,,2025-11-10 09:04:34,2025-11-10 08:50:12
440,P329,Pin Lock Garpu 94006-00600,Pcs,TYT 8FD25/30,available,,2025-11-10 09:04:34,2025-11-10 08:50:12
441,P330,Pin Lock Garpu 59710-50K02,Pcs,TYT 7FD30,available,,2025-11-10 09:04:34,2025-11-10 08:50:12
442,P331,Pin Lock Garpu 76555-30370-71,Pcs,,available,,2025-11-10 09:04:34,2025-11-10 08:50:12
443,P335,Pin Lubang 43753-23320-71,Pcs,TYT 7FD25/30,available,,2025-11-10 09:04:34,2025-11-10 08:50:12
444,P336,Pin Lubang 43753-30511-71,Pcs,TYT 7FD40,available,,2025-11-10 09:04:34,2025-11-10 08:50:12
445,P341,Pin 75115-24920-71 (Side Shift),Pcs,TYT 8FD25,available,,2025-11-10 09:04:34,2025-11-10 08:50:12
446,P346,Plate 43192-26600-71,Pcs,TYT 8FD25/30,available,,2025-11-10 09:04:34,2025-11-10 08:50:12
447,P347,Damper 43191-23421-71,Pcs,TYT 8FD25/30,available,,2025-11-10 09:04:34,2025-11-10 08:50:12
448,P351,Rod Kit Steering Axle 8FD-TRK,Pcs,TYT 8FD25/30,available,,2025-11-10 09:04:34,2025-11-10 08:50:12
449,P352,Rod Kit Steering Axle 7FD-TRK,Pcs,TYT 7FD25/30,available,,2025-11-10 09:04:34,2025-11-10 08:50:12
450,R101,Cable Lug 12-10 Kuning Kecil,Pcs,,available,,2025-11-10 09:04:34,2025-11-10 08:50:12
451,R102,Cable Lug 16-8,Pcs,,available,,2025-11-10 09:04:34,2025-11-10 08:50:12
452,R104,Cable Lug 731004 Merah Bulat,Pcs,,available,,2025-11-10 09:04:34,2025-11-10 08:50:12
453,R106,Knob 0009310159,Pcs,Linde E25,available,,2025-11-10 09:04:34,2025-11-10 08:50:12
454,R107,Bellow 0009625600,Pcs,Linde E25,available,,2025-11-10 09:04:34,2025-11-10 08:50:12
455,R108,Joystick Assy 0009732949,Pcs,Linde E25,available,,2025-11-10 09:04:34,2025-11-10 08:50:12
456,R109,Joystick Assy 12764305500,Pcs,Linde E25,available,,2025-11-10 09:04:34,2025-11-10 08:50:12
457,R110,Joystick Cross Lever 7919040041,Pcs,Linde E16c,available,,2025-11-10 09:04:34,2025-11-10 08:50:12
458,R111,Joystick Cross Lever 7919040042,Pcs,Linde E16c,available,,2025-11-10 09:04:34,2025-11-10 08:50:12
459,R112,Joystick (MFC Handle Kit) 140750,Pcs,Crown RR5210,available,,2025-11-10 09:04:34,2025-11-10 08:50:12
460,R113,Joystick (MFC Handle Kit) 126695,Pcs,Crown RD5725,available,,2025-11-10 09:04:34,2025-11-10 08:50:12
461,R114,Joystick Single Axis 7919040093,Pcs,Linde R14S,available,,2025-11-10 09:04:34,2025-11-10 08:50:12
462,R115,Joystick 7919040043,Pcs,Linde E25,available,,2025-11-10 09:04:34,2025-11-10 08:50:12
463,R116,Joystick 7919040015,Pcs,Linde E25,available,,2025-11-10 09:04:34,2025-11-10 08:50:12
464,R117,Terminal Cable 25-10,Pcs,,available,,2025-11-10 09:04:34,2025-11-10 08:50:12
465,R125,Terminal Cable 25-8,Pcs,,available,,2025-11-10 09:04:34,2025-11-10 08:50:12
466,R139,Clamp 3/4,Pcs,,available,,2025-11-10 09:04:34,2025-11-10 08:50:12
467,R140,Clamp 5/8,Pcs,,available,,2025-11-10 09:04:34,2025-11-10 08:50:12
468,R141,Clamp 7/8,Pcs,,available,,2025-11-10 09:04:34,2025-11-10 08:50:12
469,R151,Relay 12V 4 Kaki,Pcs,,available,,2025-11-10 09:04:34,2025-11-10 08:50:12
470,R152,Relay 12V 5 Kaki,Pcs,,available,,2025-11-10 09:04:34,2025-11-10 08:50:12
471,R153,Relay 24V 4 Kaki,Pcs,,available,,2025-11-10 09:04:34,2025-11-10 08:50:12
472,R154,Relay 24V 5 Kaki,Pcs,,available,,2025-11-10 09:04:34,2025-11-10 08:50:12
473,R155,Relay 12V Seken,Pcs,Toyota 7FD,available,,2025-11-10 09:04:34,2025-11-10 08:50:12
474,R156,Relay 90987-02022,Pcs,TYT 8FD25/30,available,,2025-11-10 09:04:34,2025-11-10 08:50:12
475,R157,Relay 28300-46010,Pcs,TYT 8FD25/30,available,,2025-11-10 09:04:34,2025-11-10 08:50:12
476,R158,Relay Assy Glow 28610-76001-71,Pcs,Toyota 8FD25/30,available,,2025-11-10 09:04:34,2025-11-10 08:50:12
477,R159,Relay Assy  28610-76001-71 Replacement,Pcs,Toyota 8FD25/30,available,,2025-11-10 09:04:34,2025-11-10 08:50:12
478,R166,Relay Niles HF-312 12V,Pcs,,available,,2025-11-10 09:04:34,2025-11-10 08:50:12
479,R167,Relay Niles UF-312L 24V,Pcs,,available,,2025-11-10 09:04:34,2025-11-10 08:50:12
480,R176,Starter Relay 28300-48010 TYT 12V,Pcs,"5,6 FD Toyota",available,,2025-11-10 09:04:34,2025-11-10 08:50:12
481,R178,Starter Relay 24V,Pcs,,available,,2025-11-10 09:04:34,2025-11-10 08:50:12
482,R186,Starter Switch/Keyswitch Toyota,Pcs,TYT 8FD25/30,available,,2025-11-10 09:04:34,2025-11-10 08:50:12
483,R187,Starter Switch/Keyswitch Original TYT,Pcs,,available,,2025-11-10 09:04:34,2025-11-10 08:50:12
484,R188,Starter Switch KT-10,Pcs,"TYT 5,6,7 FD",available,,2025-11-10 09:04:34,2025-11-10 08:50:12
485,R196,Starter Switch(Keyswitch) 7915492622,Pcs,,available,,2025-11-10 09:04:34,2025-11-10 08:50:12
486,R201,Temperature Switch 83420-20011,Pcs,TYT 7FD30,available,,2025-11-10 09:04:34,2025-11-10 08:50:12
487,R206,Sensor 89422-76001-71,Pcs,TYT 7FD30,available,,2025-11-10 09:04:34,2025-11-10 08:50:12
488,R207,Switch Emergency Stop Linde E16c,Pcs,Linde E16c,available,,2025-11-10 09:04:34,2025-11-10 08:50:12
489,R211,Switch Oil 05-03L,Pcs,,available,,2025-11-10 09:04:34,2025-11-10 08:50:12
490,R212,Switch Solenoid 12V 22390-54150,Pcs,TYT 8FD25/30,available,,2025-11-10 09:04:34,2025-11-10 08:50:12
491,R214,Switch Signal 3EB-55-32210,Pcs,Kom FD30T-14,available,,2025-11-10 09:04:34,2025-11-10 08:50:12
492,R215,Switch Forward/Reverse,Pcs,Komatsu FD30T-14,available,,2025-11-10 09:04:34,2025-11-10 08:50:12
493,R220,Switch Direction 00099732906,Pcs,Linde E15,available,,2025-11-10 09:04:34,2025-11-10 08:50:12
494,R222,Brake Switch Petak EN-714,Pcs,,available,,2025-11-10 09:04:34,2025-11-10 08:50:12
495,R227,"Spark Plug NGK BKR6E 14x19 (3/4"")",Pcs,,available,,2025-11-10 09:04:34,2025-11-10 08:50:12
496,R228,"Spark Plug NGK BP5ES 14x19 (3/4"")",Pcs,,available,,2025-11-10 09:04:34,2025-11-10 08:50:12
497,R230,Control Valve Plug 32853-23330-71,Pcs,TYT 8FD25,available,,2025-11-10 09:04:34,2025-11-10 08:50:12
498,R232,Horn Button Switch GH4B,Pcs,,available,,2025-11-10 09:04:34,2025-11-10 08:50:12
499,R233,Signal Button 0039731613,Pcs,,available,,2025-11-10 09:04:34,2025-11-10 08:50:12
500,R234,Horn Control 0039731600,Pcs,,available,,2025-11-10 09:04:34,2025-11-10 08:50:12
501,R235,Signal Switch 8FD25,Pcs,TYT 8FD25,available,,2025-11-10 09:04:34,2025-11-10 08:50:12
502,R241,Glow Plug/Pizer,Pcs,Niss SD22,available,,2025-11-10 09:04:34,2025-11-10 08:50:12
503,R242,Glow Plug/Pizer Isuzu C240,Pcs,,available,,2025-11-10 09:04:34,2025-11-10 08:50:12
504,R243,Glow Plug/Pizer Komatsu GT-208 8.5V,Pcs,,available,,2025-11-10 09:04:34,2025-11-10 08:50:12
505,R245,Glow Plug/Pizer PT-103,Pcs,8FD25,available,,2025-11-10 09:04:34,2025-11-10 08:50:12
506,R251,Upper Liner 82151-25150,Pcs,8FD25/30,available,,2025-11-10 09:04:34,2025-11-10 08:50:12
507,R252,Upper Liner 82151-25080,Pcs,7FD25 New,available,,2025-11-10 09:04:34,2025-11-10 08:50:12
508,R253,Upper Liner 82151-36200,Pcs,6FD30,available,,2025-11-10 09:04:34,2025-11-10 08:50:12
509,R256,Strip 61356-23600-71,Pcs,TYT 8FD25/30,available,,2025-11-10 09:04:34,2025-11-10 08:50:12
510,R257,Shim 61233-22000-71,Pcs,TYT 8FD25/30,available,,2025-11-10 09:04:34,2025-11-10 08:50:12
511,R261,Lower Liner 82152-25080-71,Pcs,6/7FD25/30,available,,2025-11-10 09:04:34,2025-11-10 08:50:12
512,R262,Side Shift Fibre C-6020486,Pcs,,available,,2025-11-10 09:04:34,2025-11-10 08:50:12
513,R263,Side Shift Fibre C-6033487,Pcs,,available,,2025-11-10 09:04:34,2025-11-10 08:50:12
514,R264,Side Shift Fibre C-6057162,Pcs,,available,,2025-11-10 09:04:34,2025-11-10 08:50:12
515,R266,Flasher(Lamp) Switch 2 Position,Pcs,,available,,2025-11-10 09:04:34,2025-11-10 08:50:12
516,R267,Flasher Unit Daewoo D546113,Pcs,,available,,2025-11-10 09:04:34,2025-11-10 08:50:12
517,R269,Flasher Unit 0009732502,Pcs,Linde E15/E16,available,,2025-11-10 09:04:34,2025-11-10 08:50:12
518,R271,Connector Battery 6325G1 / REMA SR-175A,Pcs,,available,,2025-11-10 09:04:34,2025-11-10 08:50:12
519,R272,Connector Battery SB350-Grey,Pcs,,available,,2025-11-10 09:04:34,2025-11-10 08:50:12
520,R273,Connector Battery,Pcs,,available,,2025-11-10 09:04:34,2025-11-10 08:50:12
521,R274,Connector Battery SB50,Pcs,,available,,2025-11-10 09:04:34,2025-11-10 08:50:12
522,R275,Connector Battery SB350-Red,Pcs,,available,,2025-11-10 09:04:34,2025-11-10 08:50:12
523,R283,Alternator Socket CS7320,Pcs,,available,,2025-11-10 09:04:34,2025-11-10 08:50:12
524,R286,Slip Male Persegi,Pcs,,available,,2025-11-10 09:04:34,2025-11-10 08:50:12
525,R291,Rema 80 A Female Socket,Pcs,,available,,2025-11-10 09:04:34,2025-11-10 08:50:12
526,R292,Rema 80 A Male Socket,Pcs,,available,,2025-11-10 09:04:34,2025-11-10 08:50:12
527,R293,Rema 160 A Female Socket,Pcs,,available,,2025-11-10 09:04:34,2025-11-10 08:50:12
528,R294,Rema 160 A Male Socket,Pcs,,available,,2025-11-10 09:04:34,2025-11-10 08:50:12
529,R295,Rema 320 A Female Socket,Pcs,,available,,2025-11-10 09:04:34,2025-11-10 08:50:12
530,R296,Rema 320 A Male Socket,Pcs,,available,,2025-11-10 09:04:34,2025-11-10 08:50:12
531,R301,Kedudukan Aki,Pcs,,available,,2025-11-10 09:04:34,2025-11-10 08:50:12
532,R306,Cover Traction Motor J5506008,Pcs,Linde E16c,available,,2025-11-10 09:04:34,2025-11-10 08:50:12
533,R311,Key Two On A Ring (802) 0039730404,Pcs,,available,,2025-11-10 09:04:34,2025-11-10 08:50:12
534,R312,Key ( 801) 0009730419,Pcs,,available,,2025-11-10 09:04:34,2025-11-10 08:50:12
535,R313,Relay Contactor Assy 24750-13700-71,Pcs,7FBR15-20,available,,2025-11-10 09:04:34,2025-11-10 08:50:12
536,R314,Cable Assy Spiral 45190-13900-71,Pcs,7FBR15-20,available,,2025-11-10 09:04:34,2025-11-10 08:50:12
537,R315,Throttle Position Sensor 89452-76001-71,Pcs,7FBR15-20,available,,2025-11-10 09:04:34,2025-11-10 08:50:12
538,R316,Potensiometer 1153604701,Pcs,Linde R14S,available,,2025-11-10 09:04:34,2025-11-10 08:50:12
539,R317,Potensiometer 50023604702,Pcs,Linde L12,available,,2025-11-10 09:04:34,2025-11-10 08:50:12
540,R318,Potensiometer 7916497905,Pcs,,available,,2025-11-10 09:04:34,2025-11-10 08:50:12
541,R319,Potensiometer 0009609008,Pcs,Linde A-Truck,available,,2025-11-10 09:04:34,2025-11-10 08:50:12
542,R320,Potensiometer 8459849,Pcs,Linde A-Truck,available,,2025-11-10 09:04:34,2025-11-10 08:50:12
543,R321,Potensiometer 8408841,Pcs,Linde V12/A-Truck,available,,2025-11-10 09:04:34,2025-11-10 08:50:12
544,R322,Potensiometer 7916400159,Pcs,,available,,2025-11-10 09:04:34,2025-11-10 08:50:12
545,R323,Potensiometer 0039723000,Pcs,Linde V10/V12,available,,2025-11-10 09:04:34,2025-11-10 08:50:12
546,R324,Potensiometer 52223604700,Pcs,Linde A-Truck,available,,2025-11-10 09:04:34,2025-11-10 08:50:12
547,R325,Printed Circuit Board 50213650100,Pcs,Linde V12,available,,2025-11-10 09:04:34,2025-11-10 08:50:12
548,R326,Printed Circuit Board 3093607005,Pcs,Linde L12,available,,2025-11-10 09:04:34,2025-11-10 08:50:12
549,R327,Potensiometer 7917415695,Pcs,Linde A-Truck,available,,2025-11-10 09:04:34,2025-11-10 08:50:12
550,R330,Sensor 7917415546,Pcs,Linde R14S,available,,2025-11-10 09:04:34,2025-11-10 08:50:12
551,R331,Sensor Steering 7917415687,Pcs,Linde E16c,available,,2025-11-10 09:04:34,2025-11-10 08:50:12
552,R332,Sensor Driving Speed 7917415882,Pcs,Linde R14S,available,,2025-11-10 09:04:34,2025-11-10 08:50:12
553,R333,Sensor Driving Speed 7917415847,Pcs,Linde E16C AC,available,,2025-11-10 09:04:34,2025-11-10 08:50:12
554,R334,Sensor Driving Speed 7917415537,Pcs,Linde R14S,available,,2025-11-10 09:04:34,2025-11-10 08:50:12
555,R335,Sensor Steering 7916497908,Pcs,Linde E16c,available,,2025-11-10 09:04:34,2025-11-10 08:50:12
556,R336,Steering Sensor Cover 43235-23420-71,Pcs,TYT 8FD25,available,,2025-11-10 09:04:34,2025-11-10 08:50:12
557,R337,Potensiometer 1153608911,Pcs,Linde R16S,available,,2025-11-10 09:04:34,2025-11-10 08:50:12
558,R341,Wire Solenoid 32620-23330-71,Pcs,TYT 8FD25/30,available,,2025-11-10 09:04:34,2025-11-10 08:50:12
559,R346,Thermostat 90916-03954-71G,Pcs,TYT 8FD25/30,available,,2025-11-10 09:04:34,2025-11-10 08:50:12
560,R351,Position Switch 7915496100,Pcs,Linde V12,available,,2025-11-10 09:04:34,2025-11-10 08:50:12
561,R356,Wiring Harness 7916400993,Pcs,Linde R14S,available,,2025-11-10 09:04:34,2025-11-10 08:50:12
562,R361,Code Switch Curtis,Pcs,,available,,2025-11-10 09:04:34,2025-11-10 08:50:12
563,S101,Inter-Cell Connector 4PzB300E -74mm,Pcs,,available,,2025-11-10 09:04:34,2025-11-10 08:50:12
564,S102,Inter-Cell Connector 8PzB440E -140mm,Pcs,,available,,2025-11-10 09:04:34,2025-11-10 08:50:12
565,S103,Intercell Connector 85mm,Pcs,,available,,2025-11-10 09:04:34,2025-11-10 08:50:12
566,S104,Intercell Connector 90mm,Pcs,,available,,2025-11-10 09:04:34,2025-11-10 08:50:12
567,S105,Intercell Connector 65mm,Pcs,,available,,2025-11-10 09:04:34,2025-11-10 08:50:12
568,S106,Intercell Connector 70mm,Pcs,,available,,2025-11-10 09:04:34,2025-11-10 08:50:12
569,S107,Intercell Connector 80mm,Pcs,,available,,2025-11-10 09:04:34,2025-11-10 08:50:12
570,S108,Inter-Cell Double Connector 10PzB550E -94mm,Pcs,,available,,2025-11-10 09:04:34,2025-11-10 08:50:12
571,S109,Intercell Connector 95mm,Pcs,,available,,2025-11-10 09:04:34,2025-11-10 08:50:12
572,S110,Intercell Connector 46mm,Pcs,,available,,2025-11-10 09:04:34,2025-11-10 08:50:12
573,S111,End Connector,Pcs,,available,,2025-11-10 09:04:34,2025-11-10 08:50:12
574,S112,End Connector M10x95(102420),Pcs,,available,,2025-11-10 09:04:34,2025-11-10 08:50:12
575,S119,Engine Mounting 41261-23340,Pcs,TYT 7FD25/30/40,available,,2025-11-10 09:04:34,2025-11-10 08:50:12
576,S121,Engine Mounting Rubber,Pcs,TCM FD25-Z4,available,,2025-11-10 09:04:34,2025-11-10 08:50:12
577,S124,Engine Mounting 41261-23342-71 (Transm),Pcs,TYT 7FD30,available,,2025-11-10 09:04:34,2025-11-10 08:50:12
578,S125,Engine Mounting 12361-26600-71,Pcs,TYT 8FD25,available,,2025-11-10 09:04:34,2025-11-10 08:50:12
579,S127,Engine Mounting 12361-23341-71,Pcs,TYT 7FD25/30,available,,2025-11-10 09:04:34,2025-11-10 08:50:12
580,S131,Transmission Mounting,Pcs,Toyota,available,,2025-11-10 09:04:34,2025-11-10 08:50:12
581,S132,Transmission Mounting 41261-23342-71,Pcs,Toyota 7FD25/30,available,,2025-11-10 09:04:34,2025-11-10 08:50:12
582,S141,Transmission Mounting Assy (2 Holes),Pcs,TYT 8FD25/30,available,,2025-11-10 09:04:34,2025-11-10 08:50:12
583,S142,Transmission Mounting Assy (4 Holes),Pcs,TYT 8FD25/30,available,,2025-11-10 09:04:34,2025-11-10 08:50:12
584,S146,Carbon Brush  14572-13401-71,Pcs,TYT 7FBR15,available,,2025-11-10 09:04:34,2025-11-10 08:50:12
585,S147,Carbon Brush 0009718141,Pcs,Linde E15,available,,2025-11-10 09:04:34,2025-11-10 08:50:12
586,S148,Carbon Brush 0009718154,Pcs,Linde E15,available,,2025-11-10 09:04:34,2025-11-10 08:50:12
587,S149,Carbon Brush Nissan 29242-41H10,Pcs,,available,,2025-11-10 09:04:34,2025-11-10 08:50:12
588,S150,Carbon Brush 14572-13401-71,Pcs,Toyota 7FBR15,available,,2025-11-10 09:04:34,2025-11-10 08:50:12
589,S151,Carbon Brush 0009718124,Pcs,Linde E16c,available,,2025-11-10 09:04:34,2025-11-10 08:50:12
590,S152,Carbon Brush 0009718189,Pcs,Linde E16c,available,,2025-11-10 09:04:34,2025-11-10 08:50:12
591,S153,Carbon Brush 120860,Pcs,Crown RR/RD,available,,2025-11-10 09:04:34,2025-11-10 08:50:12
592,S154,Carbon Brush 113652,Pcs,Crown RR/RD,available,,2025-11-10 09:04:34,2025-11-10 08:50:12
593,S156,Brush Spring 400/3353573000,Pcs,Linde E16c,available,,2025-11-10 09:04:34,2025-11-10 08:50:12
594,S159,Brush Holder 3603574505,Pcs,Linde L12,available,,2025-11-10 09:04:34,2025-11-10 08:50:12
595,S161,Cap Fuel tank,Pcs,Toyota 8FD25/30,available,,2025-11-10 09:04:34,2025-11-10 08:50:12
596,S162,Cap Fuel Tank KO-128,Pcs,Kom FD25,available,,2025-11-10 09:04:34,2025-11-10 08:50:12
597,S163,Cap Fuel Tank 9810000284,Pcs,Linde,available,,2025-11-10 09:04:34,2025-11-10 08:50:12
598,S164,Cap Fuel Tank 32652-23021,Pcs,TCM FD35/40,available,,2025-11-10 09:04:34,2025-11-10 08:50:12
599,S171,Cap Holder 53215-26600-71,Pcs,TYT 8FD25/30,available,,2025-11-10 09:04:34,2025-11-10 08:50:12
600,S176,Radiator Cap Besar TY004-2640,Pcs,,available,,2025-11-10 09:04:34,2025-11-10 08:50:12
601,S177,Radiator Cap PDR13,Pcs,,available,,2025-11-10 09:04:34,2025-11-10 08:50:12
602,S178,Radiator Cap 16401-60040-71,Pcs,,available,,2025-11-10 09:04:34,2025-11-10 08:50:12
603,S181,Brake Oil Cap KE20-4064,Pcs,TYT 8FD25/30,available,,2025-11-10 09:04:34,2025-11-10 08:50:12
604,S192,Rear Hub Cap 43821-20540-71,Pcs,,available,,2025-11-10 09:04:34,2025-11-10 08:50:12
605,S202,Cap Fuel 23320-23000-71,Pcs,TYT 8FD25,available,,2025-11-10 09:04:34,2025-11-10 08:50:12
606,S211,Solenoid Assy 32610-23330,Pcs,,available,,2025-11-10 09:04:34,2025-11-10 08:50:12
607,S216,Stopper 1874461402,Pcs,Linde R14S,available,,2025-11-10 09:04:34,2025-11-10 08:50:12
608,S226,Fuel Pump,Pcs,Toyota,available,,2025-11-10 09:04:34,2025-11-10 08:50:12
609,S227,Fuel Pump Toyota  (Original) 23302-23040-71,Pcs,Toyota 8FD25/30,available,,2025-11-10 09:04:34,2025-11-10 08:50:12
610,S228,Fuel Pump 22501-77020 (Hand Pump),Pcs,TYT,available,,2025-11-10 09:04:34,2025-11-10 08:50:12
611,S229,Fuel Unit 57210-26600-71,Pcs,TYT 8FD25/30,available,,2025-11-10 09:04:34,2025-11-10 08:50:12
612,S241,Cable Connector K/0060 75mm,Pcs,,available,,2025-11-10 09:04:34,2025-11-10 08:50:12
613,S242,Cable Connector K/0060 80mm,Pcs,,available,,2025-11-10 09:04:34,2025-11-10 08:50:12
614,S251,Locking Disc 6x0.5-A2C 0009073321,Pcs,Linde E15,available,,2025-11-10 09:04:34,2025-11-10 08:50:12
615,S255,Lever 0009312008,Pcs,Linde E15,available,,2025-11-10 09:04:34,2025-11-10 08:50:12
616,S261,Lever 45832-26600-71G,Pcs,TYT 8FD25,available,,2025-11-10 09:04:34,2025-11-10 08:50:12
617,T101,Bola Lampu 12V 1 Kaki Besar,Pcs,,available,,2025-11-10 09:04:34,2025-11-10 08:50:12
618,T102,Bola Lampu 12V 1 Kaki Kecil,Pcs,,available,,2025-11-10 09:04:34,2025-11-10 08:50:12
619,T103,Bola Lampu 12V 2Kaki Besar,Pcs,,available,,2025-11-10 09:04:34,2025-11-10 08:50:12
620,T104,Bola Lampu 12V 3W Kecil,Pcs,,available,,2025-11-10 09:04:34,2025-11-10 08:50:12
621,T111,Bola Lampu 24V 1 Kaki Besar,Pcs,,available,,2025-11-10 09:04:34,2025-11-10 08:50:12
622,T112,Bola Lampu 24V 1 Kaki Kecil,Pcs,,available,,2025-11-10 09:04:34,2025-11-10 08:50:12
623,T113,Bola Lampu 24V 2 Kaki Besar,Pcs,,available,,2025-11-10 09:04:34,2025-11-10 08:50:12
624,T114,Bola Lampu 24V25W 1 Kaki Besar,Pcs,,available,,2025-11-10 09:04:34,2025-11-10 08:50:12
625,T121,Bola Lampu 48V 1 kaki Besar (35560),Pcs,,available,,2025-11-10 09:04:34,2025-11-10 08:50:12
626,T122,Bola Lampu 48Vx10W 2 Kaki Besar,Pcs,,available,,2025-11-10 09:04:34,2025-11-10 08:50:12
627,T123,Bola Lampu 48Vx25W 2 Kaki Besar,Pcs,,available,,2025-11-10 09:04:34,2025-11-10 08:50:12
628,T124,Bola Lampu 48x10W 1 Kaki Kecil,Pcs,,available,,2025-11-10 09:04:34,2025-11-10 08:50:12
629,T131,Bola Lampu 7919564903,Pcs,Linde E15,available,,2025-11-10 09:04:34,2025-11-10 08:50:12
630,T132,Bola Lampu 7919564958,Pcs,Linde E15,available,,2025-11-10 09:04:34,2025-11-10 08:50:12
631,T133,Bola Lampu 7919564992,Pcs,Linde E15,available,,2025-11-10 09:04:34,2025-11-10 08:50:12
632,T134,Bola Lampu 7919564997,Pcs,Linde E15,available,,2025-11-10 09:04:34,2025-11-10 08:50:12
633,T135,Bola Lampu (Auto Lamp),Pcs,TCM FD70Z,available,,2025-11-10 09:04:34,2025-11-10 08:50:12
634,T136,Bola Lampu 24V/60W,Pcs,TYT 8FD60/80,available,,2025-11-10 09:04:34,2025-11-10 08:50:12
635,T146,Bola Lampu Spedo Meter 12V 21/5W,Pcs,,available,,2025-11-10 09:04:34,2025-11-10 08:50:12
636,T147,Bola Lampu Spedo Meter 12V 3W,Pcs,,available,,2025-11-10 09:04:34,2025-11-10 08:50:12
637,T148,Bola Lampu Spedo Meter 12V 5W,Pcs,,available,,2025-11-10 09:04:34,2025-11-10 08:50:12
638,T149,Bola Lampu Spedo Meter 24V 2W,Pcs,,available,,2025-11-10 09:04:34,2025-11-10 08:50:12
639,T162,Bulb Halogen H3 12V,Pcs,,available,,2025-11-10 09:04:34,2025-11-10 08:50:12
640,T163,Bulb Halogen H3 24V 100W,Pcs,,available,,2025-11-10 09:04:34,2025-11-10 08:50:12
641,T164,Bulb Halogen H4 24V,Pcs,,available,,2025-11-10 09:04:34,2025-11-10 08:50:12
642,T165,Bulb Halogen H4 7919518925,Pcs,,available,,2025-11-10 09:04:34,2025-11-10 08:50:12
643,T166,Bulb Halogen H4 24V/P45T,Pcs,,available,,2025-11-10 09:04:34,2025-11-10 08:50:12
644,T167,Bulb Halogen H4 12V/P45T,Pcs,,available,,2025-11-10 09:04:34,2025-11-10 08:50:12
645,T187,Rear Lamp Blinker (L) 0009740215,Pcs,Linde,available,,2025-11-10 09:04:34,2025-11-10 08:50:12
646,T188,Rear Lamp Blinker (R) 0009740214,Pcs,Linde,available,,2025-11-10 09:04:34,2025-11-10 08:50:12
647,T189,Rear Lamp Cover 56604-23320-71(RH),Pcs,TYT 8FD25/30,available,,2025-11-10 09:04:34,2025-11-10 08:50:12
648,T190,Rear Lamp Cover 56603-23320-71(LH),Pcs,TYT 8FD25/30,available,,2025-11-10 09:04:34,2025-11-10 08:50:12
649,T191,Rear Lamp LH 56640-26600-71,Pcs,TYT 8FD25/30,available,,2025-11-10 09:04:34,2025-11-10 08:50:12
650,T192,Rear Lamp RH 56630-26600-71,Pcs,TYT 8FD25/30,available,,2025-11-10 09:04:34,2025-11-10 08:50:12
651,T193,Rear Lamp RH 56630-23320-71,Pcs,TYT 7FD25/30,available,,2025-11-10 09:04:34,2025-11-10 08:50:12
652,T194,Rear Lamp LH 56640-23320-71,Pcs,TYT 7FD25/30,available,,2025-11-10 09:04:34,2025-11-10 08:50:12
653,T195,Working Lamp AE-06615 24V,Pcs,,available,,2025-11-10 09:04:34,2025-11-10 08:50:12
654,T196,Working Lamp Petak LED,Pcs,,available,,2025-11-10 09:04:34,2025-11-10 08:50:12
655,T197,Head Lamp TYT 7FD25/30,Pcs,TYT 7FD25/30,available,,2025-11-10 09:04:34,2025-11-10 08:50:12
656,T198,Head Lamp 56590-26600-71,Pcs,TYT 8FD25/30,available,,2025-11-10 09:04:34,2025-11-10 08:50:12
657,T199,Head Lamp 24V,Pcs,,available,,2025-11-10 09:04:34,2025-11-10 08:50:12
658,T200,Front Lamp Cover Set,Pcs,TYT 8FD25/30,available,,2025-11-10 09:04:34,2025-11-10 08:50:12
659,T201,Signal Lamp Cover,Pcs,TYT 5FD25-30,available,,2025-11-10 09:04:34,2025-11-10 08:50:12
660,T205,Front Light Cover 8FD25/30,Pcs,,available,,2025-11-10 09:04:34,2025-11-10 08:50:12
661,T207,Safety Blue Light TVH/140TA2243,Pcs,,available,,2025-11-10 09:04:34,2025-11-10 08:50:12
662,T208,Safety Blue Light TVH/147TA3431,Pcs,,available,,2025-11-10 09:04:34,2025-11-10 08:50:12
663,T209,Safety Red Light Forklift,Pcs,,available,,2025-11-10 09:04:34,2025-11-10 08:50:12
664,T210,Safety Red Light Forklift (Thunderbold),Pcs,,available,,2025-11-10 09:04:34,2025-11-10 08:50:12
665,T212,Strobe Light LED-90006,Pcs,,available,,2025-11-10 09:04:34,2025-11-10 08:50:12
666,T216,Brake/Back Up Light 8204712,Pcs,,available,,2025-11-10 09:04:34,2025-11-10 08:50:12
667,T220,Fuse ANL 125A,Pcs,,available,,2025-11-10 09:04:34,2025-11-10 08:50:12
668,T221,Fuse 100A 50107991 Plate,Pcs,,available,,2025-11-10 09:04:34,2025-11-10 08:50:12
669,T222,Fuse 10A Merah Besar Kaki 2,Pcs,,available,,2025-11-10 09:04:34,2025-11-10 08:50:12
670,T227,Fuse 200A 7919086939 Plate,Pcs,,available,,2025-11-10 09:04:34,2025-11-10 08:50:12
671,T228,Fuse 20A Kuning Besar Kaki 2,Pcs,,available,,2025-11-10 09:04:34,2025-11-10 08:50:12
672,T229,Fuse 20A Kuning Kecil Kaki 2,Pcs,,available,,2025-11-10 09:04:34,2025-11-10 08:50:12
673,T230,Fuse 20A/80V 7916040009 Kaki 2,Pcs,,available,,2025-11-10 09:04:34,2025-11-10 08:50:12
674,T231,Fuse 250A 7919086940 Kaki 2,Pcs,,available,,2025-11-10 09:04:34,2025-11-10 08:50:12
675,T232,Fuse 25A Putih Besar Kaki 2,Pcs,,available,,2025-11-10 09:04:34,2025-11-10 08:50:12
676,T233,Fuse 25A Putih Kecil Kaki 2,Pcs,,available,,2025-11-10 09:04:34,2025-11-10 08:50:12
677,T236,Fuse 30A Hijau Sedang Kaki 2,Pcs,,available,,2025-11-10 09:04:34,2025-11-10 08:50:12
678,T237,Fuse 30A/24V 28528550 Plate,Pcs,Octobergh.Stacker,available,,2025-11-10 09:04:34,2025-11-10 08:50:12
679,T238,Fuse 30A/80V 7916040011 Kaki 2,Pcs,,available,,2025-11-10 09:04:34,2025-11-10 08:50:12
680,T239,Fuse 35A 7919086942 Kaki 2,Pcs,,available,,2025-11-10 09:04:34,2025-11-10 08:50:12
681,T244,Fuse 7.5 A Besar Kaki 2,Pcs,,available,,2025-11-10 09:04:34,2025-11-10 08:50:12
682,T245,Fuse 7.5 A Kecil Kaki 2,Pcs,,available,,2025-11-10 09:04:34,2025-11-10 08:50:12
683,T246,Fuse 80A 50155827 Plate,Pcs,,available,,2025-11-10 09:04:34,2025-11-10 08:50:12
684,T248,Fuse LKN 80A,Pcs,Crown,available,,2025-11-10 09:04:34,2025-11-10 08:50:12
685,T249,Fuse DC 80A,Pcs,,available,,2025-11-10 09:04:34,2025-11-10 08:50:12
686,T276,Fuse Tabung 5A/250V (30mm),Pcs,,available,,2025-11-10 09:04:34,2025-11-10 08:50:12
687,T295,Fuse Element 7919000021,Pcs,Linde H30D-02,available,,2025-11-10 09:04:34,2025-11-10 08:50:12
688,T301,Sensor 7917415529,Pcs,Linde E15,available,,2025-11-10 09:04:34,2025-11-10 08:50:12
689,T306,DC/DC 24V to 12V,Pcs,,available,,2025-11-10 09:04:34,2025-11-10 08:50:12
690,T307,DC Transformer 154-24 (Demke),Pcs,,available,,2025-11-10 09:04:34,2025-11-10 08:50:12
691,T311,Rear Cover 7FD Series,Pcs,TYT 7FD25/30,available,,2025-11-10 09:04:34,2025-11-10 08:50:12
692,T312,Rear Cover 8FD Series,Pcs,TYT 8FD25/30,available,,2025-11-10 09:04:34,2025-11-10 08:50:12
693,U102,Oil Seal 16x27x7,Pcs,"TYT 5,6FD25/30",available,,2025-11-10 09:04:34,2025-11-10 08:50:12
694,U103,Oil Seal Flywheel TCM FD70Z8,Pcs,TCM FD70Z8,available,,2025-11-10 09:04:34,2025-11-10 08:50:12
695,U104,Oil Seal 1x1 1/4x 1/8,Pcs,,available,,2025-11-10 09:04:34,2025-11-10 08:50:12
696,U105,Oil Seal 351797-10020 (Transmission),Pcs,TYT 8FD30,available,,2025-11-10 09:04:34,2025-11-10 08:50:12
697,U106,Oil Seal 41128-23320-71 (Gardan),Pcs,TYT 8FD30,available,,2025-11-10 09:04:34,2025-11-10 08:50:12
698,U107,Oil Seal 22.22x35x10 (Seal Power Steering),Pcs,,available,,2025-11-10 09:04:34,2025-11-10 08:50:12
699,U108,Oil Seal 53x42x7 (Seal As Roda),Pcs,TYT 8FD25,available,,2025-11-10 09:04:34,2025-11-10 08:50:12
700,U109,Oil Seal 32x44x6.7 (Seal Power Steering),Pcs,,available,,2025-11-10 09:04:34,2025-11-10 08:50:12
701,U110,Oil Seal 351797-10010 (Transmission),Pcs,TYT 8FD25,available,,2025-11-10 09:04:34,2025-11-10 08:50:12
702,U111,Oil Seal 40x70x8 41182-30510-71,Pcs,"TYT 5,6,7FD",available,,2025-11-10 09:04:34,2025-11-10 08:50:12
703,U112,Oil Seal 63x52x8 (Seal As Roda),Pcs,"TYT 5,6FD25/30",available,,2025-11-10 09:04:34,2025-11-10 08:50:12
704,U113,Oil Seal 41182-30510-71,Pcs,"TYT 5,6,7",available,,2025-11-10 09:04:34,2025-11-10 08:50:12
705,U117,Oil Seal 48x60x9,Pcs,"TYT 5,6FD25/30",available,,2025-11-10 09:04:34,2025-11-10 08:50:12
706,U119,Oil Seal 48x65x10/15 MHSA Bibir,Pcs,,available,,2025-11-10 09:04:34,2025-11-10 08:50:12
707,U121,Oil Seal 58x68x9 (Seal As Roda),Pcs,Kom FD40,available,,2025-11-10 09:04:34,2025-11-10 08:50:12
708,U122,Oil Seal 58x80x9 (S.Transmisi),Pcs,"TYT 5,6FD25/30",available,,2025-11-10 09:04:34,2025-11-10 08:50:12
709,U123,Oil Seal 66x92x12 mm (Trans.Bibir),Pcs,TYT 7FD40,available,,2025-11-10 09:04:34,2025-11-10 08:50:12
710,U128,Oil Seal SD 19x31.7x8,Pcs,,available,,2025-11-10 09:04:34,2025-11-10 08:50:12
711,U152,O Ring 3x65 - Tilt Cylinder Seal Kit,Pcs,,available,,2025-11-10 09:04:34,2025-11-10 08:50:12
712,U153,O Ring Steering Box,Pcs,TYT 5FD25-30,available,,2025-11-10 09:04:34,2025-11-10 08:50:12
713,U154,Grooved Ring C40x50x10 0009621921,Pcs,,available,,2025-11-10 09:04:34,2025-11-10 08:50:12
714,U174,Hydraulic Seal 30x42x6/8 - Tilt Cyl Seal Kit,Pcs,,available,,2025-11-10 09:04:34,2025-11-10 08:50:12
715,U191,Hydraulic Pump Kit 69199-51K00J,Pcs,8FD25/30,available,,2025-11-10 09:04:34,2025-11-10 08:50:12
716,U192,Hydraulic pump Kit 04671-10960-71J,Pcs,TYT 8FD25/30,available,,2025-11-10 09:04:34,2025-11-10 08:50:12
717,U193,Hydraulic Pump Kit SGP1,Pcs,,available,,2025-11-10 09:04:34,2025-11-10 08:50:12
718,U194,Hydraulic Pump Kit 04671-31190-71,Pcs,TYT 3FD115,available,,2025-11-10 09:04:34,2025-11-10 08:50:12
719,U195,Hydraulic Pump Kit Rexroth,Pcs,Linde E16c,available,,2025-11-10 09:04:34,2025-11-10 08:50:12
720,U201,Seal Kit Side Shift C-563487,Pcs,TYT 8FD25/30,available,,2025-11-10 09:04:34,2025-11-10 08:50:12
721,U202,Seal Kit Tilt Cylinder 0009608008,Pcs,TYT 8FD25/30,available,,2025-11-10 09:04:34,2025-11-10 08:50:12
722,U203,Seal Kit Lift 63207-KB,Pcs,Kom FD40-5,available,,2025-11-10 09:04:34,2025-11-10 08:50:12
723,U204,Seal Kit 50052913,Pcs,AM2200,available,,2025-11-10 09:04:34,2025-11-10 08:50:12
724,U205,Seal Kit Steering 04433-20110-71,Pcs,TYT 8FD25,available,,2025-11-10 09:04:34,2025-11-10 08:50:12
725,U206,Seal Kit Steering 04433-30110-71,Pcs,TYT 8FD30,available,,2025-11-10 09:04:34,2025-11-10 08:50:12
726,U207,Seal Kit Tilt (30mm) 04655-20111-71,Pcs,TYT 8FD25/30,available,,2025-11-10 09:04:34,2025-11-10 08:50:12
727,U208,Seal Kit Tilt (35mm) 04655-20120-71,Pcs,TYT 8FD25/30,available,,2025-11-10 09:04:34,2025-11-10 08:50:12
728,U209,Seal Kit 27811310,Pcs,AM2000,available,,2025-11-10 09:04:34,2025-11-10 08:50:12
729,U210,Seal Kit Cylinder Tilt,Pcs,"Kom FD15,25-11",available,,2025-11-10 09:04:34,2025-11-10 08:50:12
730,U211,Seal Kit Lift Cylinder,Pcs,Niss DF05A60U,available,,2025-11-10 09:04:34,2025-11-10 08:50:12
731,U212,Seal Kit Lifting Main Cylinder,Pcs,TYT 7FD25,available,,2025-11-10 09:04:34,2025-11-10 08:50:12
732,U213,Seal Lifting Cylinder Kit,Pcs,TYT 7FD25,available,,2025-11-10 09:04:34,2025-11-10 08:50:12
733,U214,Seal Kit Lifting Main Cylinder 04652-20064-71,Pcs,TYT 8FD25,available,,2025-11-10 09:04:34,2025-11-10 08:50:12
734,U215,Seal Kit Power Steering Box,Pcs,TYT 8FD25/30,available,,2025-11-10 09:04:34,2025-11-10 08:50:12
735,U216,Seal Kit Assy 0009608011,Pcs,Linde H30,available,,2025-11-10 09:04:34,2025-11-10 08:50:12
736,U218,Seal Kit Lift Cylinder TYT 6FD30,Pcs,TYT 6FD30,available,,2025-11-10 09:04:34,2025-11-10 08:50:12
737,U219,Seal Kit HL3981,Pcs,Linde Handjack,available,,2025-11-10 09:04:34,2025-11-10 08:50:12
738,U220,Seal Kit Hydraulic TVH/10735600,Pcs,TL CBD25,available,,2025-11-10 09:04:34,2025-11-10 08:50:12
739,U222,Seal 0009629016,Pcs,Linde H30D-02,available,,2025-11-10 09:04:34,2025-11-10 08:50:12
740,U224,Seal Lift Pump,Pcs,,available,,2025-11-10 09:04:34,2025-11-10 08:50:12
741,U225,Seal kit Pump AM22,Pcs,AM 2200,available,,2025-11-10 09:04:34,2025-11-10 08:50:12
742,U226,Seal Kit Tilt Cylinder,Pcs,TYT 7FD Series,available,,2025-11-10 09:04:34,2025-11-10 08:50:12
743,U227,Seal Kit Front Cover (Timing Gear),Pcs,TYT 8FD25/30,available,,2025-11-10 09:04:34,2025-11-10 08:50:12
744,U228,Seal Power Steering  21x33x8,Pcs,,available,,2025-11-10 09:04:34,2025-11-10 08:50:12
745,U229,Seal Kit Lift Cylinder 04654-20090-71,Pcs,TYT 8FD25,available,,2025-11-10 09:04:34,2025-11-10 08:50:12
746,U230,Seal Kit Lift Cylinder 04654-30220-71,Pcs,TYT 8FD30,available,,2025-11-10 09:04:34,2025-11-10 08:50:12
747,U231,Seal Axle,Pcs,TCM FD25-Z4,available,,2025-11-10 09:04:34,2025-11-10 08:50:12
748,U232,Oil Seal (Crankshaft) 90311-45003-71,Pcs,TYT 8FD25,available,,2025-11-10 09:04:34,2025-11-10 08:50:12
749,U233,Seal Crankshaft 90311-95950-71,Pcs,Toyota 8FD25/30,available,,2025-11-10 09:04:34,2025-11-10 08:50:12
750,U234,Seal Kit Control Valve 04676-20560-71,Pcs,TYT 7FD30,available,,2025-11-10 09:04:34,2025-11-10 08:50:12
751,U236,Seal Kit Control Valve,Pcs,,available,,2025-11-10 09:04:34,2025-11-10 08:50:12
752,U237,Seal Kit Control Valve 04676-21091-71,Pcs,TYT 8FD25/30,available,,2025-11-10 09:04:34,2025-11-10 08:50:12
753,U238,Seal Kit Assy 1904405000,Pcs,Linde E15,available,,2025-11-10 09:04:34,2025-11-10 08:50:12
754,U239,Set of Seals Assy 0009608007,Pcs,,available,,2025-11-10 09:04:34,2025-11-10 08:50:12
755,U240,Seal C40x50x7 0009621940,Pcs,Linde E15,available,,2025-11-10 09:04:34,2025-11-10 08:50:12
756,U241,Seal 3244324400,Pcs,,available,,2025-11-10 09:04:34,2025-11-10 08:50:12
757,U242,Seal Bellow Assy 0009604508,Pcs,,available,,2025-11-10 09:04:34,2025-11-10 08:50:12
758,U243,Seal Tilt Cylinder 7FD30,Pcs,,available,,2025-11-10 09:04:34,2025-11-10 08:50:12
759,U244,Seal Steering Cylinder 7FD30,Pcs,,available,,2025-11-10 09:04:34,2025-11-10 08:50:12
760,U245,Seal Kit Assy Main 0009608093,Pcs,Linde E16c,available,,2025-11-10 09:04:34,2025-11-10 08:50:12
761,U246,Seal Ring Grooved 0009621979,Pcs,,available,,2025-11-10 09:04:34,2025-11-10 08:50:12
762,U247,Seal Bellow Assy 0009625553,Pcs,,available,,2025-11-10 09:04:34,2025-11-10 08:50:12
763,U248,Seal Kit Side Shift E16c,Pcs,Linde E16c,available,,2025-11-10 09:04:34,2025-11-10 08:50:12
764,U252,Set Of Seals Assy 0009608177 (Lifting),Pcs,Linde E16C,available,,2025-11-10 09:04:34,2025-11-10 08:50:12
765,U253,Set Of Seals Assy 0009608175,Pcs,Linde E15,available,,2025-11-10 09:04:34,2025-11-10 08:50:12
766,U254,Seal Wiper 0009622574,Pcs,Linde E16c,available,,2025-11-10 09:04:34,2025-11-10 08:50:12
767,U255,Seal Kit Lifting 149335,Pcs,Crown RD5725,available,,2025-11-10 09:04:34,2025-11-10 08:50:12
768,U256,Seal Kit Lifting E16C,Pcs,Linde E16c,available,,2025-11-10 09:04:34,2025-11-10 08:50:12
769,U258,Seal Lifting Cylinder L12 (379),Pcs,Linde L12,available,,2025-11-10 09:04:34,2025-11-10 08:50:12
770,U259,Seal Kit Cylinder Reach Arm 134137,Pcs,Crown RR5210,available,,2025-11-10 09:04:34,2025-11-10 08:50:12
771,U260,Hub Seal 42415-10480-71,Pcs,TYT 7/8FD25,available,,2025-11-10 09:04:34,2025-11-10 08:50:12
772,U261,Hub Seal 42415-32800-71,Pcs,TYT 7/8FD30,available,,2025-11-10 09:04:34,2025-11-10 08:50:12
773,U262,Oil Seal Rear 43821-22000-71,Pcs,TYT 8FD25/30,available,,2025-11-10 09:04:34,2025-11-10 08:50:12
774,U263,Hub Seal (Front) 25783-02061,Pcs,TCM FD70Z8,available,,2025-11-10 09:04:34,2025-11-10 08:50:12
775,U264,Seal Rear Axle 03211-09501,Pcs,TCM FD70Z8,available,,2025-11-10 09:04:34,2025-11-10 08:50:12
776,U276,Shaft Seal AS15x30x8 0009280354,Pcs,Linde E15c,available,,2025-11-10 09:04:34,2025-11-10 08:50:12
777,U281,B.Master Cyl Kit Niss A40U,Pcs,Niss A40U,available,,2025-11-10 09:04:34,2025-11-10 08:50:12
778,U285,Reservoir With Cap And Seal,Pcs,Total Lifter CBD25,available,,2025-11-10 09:04:34,2025-11-10 08:50:12
779,U286,Reservoir 27806310,Pcs,,available,,2025-11-10 09:04:34,2025-11-10 08:50:12
780,U287,Fastener 27807590,Pcs,,available,,2025-11-10 09:04:34,2025-11-10 08:50:12
781,U291,Ring Plat Tembaga,Pcs,,available,,2025-11-10 09:04:34,2025-11-10 08:50:12
782,U301,Lock Nut & Washer 03192-00011/10011,Pcs,TCM 70Z8,available,,2025-11-10 09:04:34,2025-11-10 08:50:12
783,V101,Stainless Steel Plug/Mangkuk Air 14mm,Pcs,,available,,2025-11-10 09:04:34,2025-11-10 08:50:12
784,V102,Stainless Steel Plug/Mangkuk Air 20mm,Pcs,,available,,2025-11-10 09:04:34,2025-11-10 08:50:12
785,V103,Stainless Steel Plug/Mangkuk Air 22mm,Pcs,,available,,2025-11-10 09:04:34,2025-11-10 08:50:12
786,V104,Stainless Steel Plug/Mangkuk Air 25mm,Pcs,,available,,2025-11-10 09:04:34,2025-11-10 08:50:12
787,V105,Stainless Steel Plug/Mangkuk Air 30mm,Pcs,,available,,2025-11-10 09:04:34,2025-11-10 08:50:12
788,V106,Stainless Steel Plug/Mangkuk Air 28mm,Pcs,,available,,2025-11-10 09:04:34,2025-11-10 08:50:12
789,V107,Stainless Steel Plug/Mangkuk Air 35mm,Pcs,,available,,2025-11-10 09:04:34,2025-11-10 08:50:12
790,V108,Stainless Steel Plug/Mangkuk Air 40mm,Pcs,,available,,2025-11-10 09:04:34,2025-11-10 08:50:12
791,V109,Stainless Steel Plug/Mangkuk Air 45mm,Pcs,,available,,2025-11-10 09:04:34,2025-11-10 08:50:12
792,V110,Stainless Steel Plug/Mangkuk Air 50mm,Pcs,,available,,2025-11-10 09:04:34,2025-11-10 08:50:12
793,V124,Auto Mirrow/Kaca Spion Baut Kecil TH1633,Pcs,,available,,2025-11-10 09:04:34,2025-11-10 08:50:12
794,V125,Auto Mirrow/Kaca Spion SK-554,Pcs,,available,,2025-11-10 09:04:34,2025-11-10 08:50:12
795,V126,Auto Mirrow/Kaca Spion E-656,Pcs,,available,,2025-11-10 09:04:34,2025-11-10 08:50:12
796,V131,Back/Reverse Buzzer Bulat 12V,Pcs,,available,,2025-11-10 09:04:34,2025-11-10 08:50:12
797,V132,Back/Reserve Buzzer 12-48V Petak,Pcs,,available,,2025-11-10 09:04:34,2025-11-10 08:50:12
798,V133,Back/Reverse Buzzer EBR,Pcs,,available,,2025-11-10 09:04:34,2025-11-10 08:50:12
799,V141,Horn 12V 124508,Pcs,,available,,2025-11-10 09:04:34,2025-11-10 08:50:12
800,V142,Horn 24V CF4H,Pcs,,available,,2025-11-10 09:04:34,2025-11-10 08:50:12
801,V144,Horn HRN-124 (36/48V),Pcs,,available,,2025-11-10 09:04:34,2025-11-10 08:50:12
802,W101,Tie Rod 224W4-30341 ( R) M24x24.5,Pcs,TCM FD70,available,,2025-11-10 09:04:34,2025-11-10 08:50:12
803,W102,Tie Rod 224W4-30351 (L) M24x24.5,Pcs,TCM FD70,available,,2025-11-10 09:04:34,2025-11-10 08:50:12
804,W103,Tie Rod 30441-31922 ( R) 16-18mm,Pcs,,available,,2025-11-10 09:04:34,2025-11-10 08:50:12
805,W104,Tie Rod 35827-11602 (L) 16-18mm,Pcs,,available,,2025-11-10 09:04:34,2025-11-10 08:50:12
806,W105,Tie Rod 43750-20542 ( R) 20-18mm,Pcs,,available,,2025-11-10 09:04:34,2025-11-10 08:50:12
807,W106,Tie Rod 43750-33860-71 ( R) 22-20mm,Pcs,,available,,2025-11-10 09:04:34,2025-11-10 08:50:12
808,W107,Tie Rod 43760-20542 (L) 20-18mm,Pcs,,available,,2025-11-10 09:04:34,2025-11-10 08:50:12
809,W108,Tie Rod 43760-30870 LH,Pcs,,available,,2025-11-10 09:04:34,2025-11-10 08:50:12
810,W109,Tie Rod 43760-30871-71 LH,Pcs,,available,,2025-11-10 09:04:34,2025-11-10 08:50:12
811,W110,Tie Rod 43760-33860-71 (L) 22-20mm,Pcs,,available,,2025-11-10 09:04:34,2025-11-10 08:50:12
812,W111,Tie Rod 25904-30401 (RH),Pcs,TCM FD70Z8,available,,2025-11-10 09:04:34,2025-11-10 08:50:12
813,W112,Tie Rod 25904-30421 (LH),Pcs,TCM FD70Z8,available,,2025-11-10 09:04:34,2025-11-10 08:50:12
814,W121,Tie Rod Bar 43752-23442-71,Pcs,,available,,2025-11-10 09:04:34,2025-11-10 08:50:12
815,W124,Tie Rod Bar 43751-23440-71,Pcs,,available,,2025-11-10 09:04:34,2025-11-10 08:50:12
816,W131,Contact Set Nichiyu FBRW15,Pcs,Nichiyu FBRW15,available,,2025-11-10 09:04:34,2025-11-10 08:50:12
817,W132,Contactor 24320-16562-71,Pcs,TYT 8FBN25,available,,2025-11-10 09:04:34,2025-11-10 08:50:12
818,W133,Contactor Albright SU280,Pcs,,available,,2025-11-10 09:04:34,2025-11-10 08:50:12
819,W135,Plate Contactor 1907148,Pcs,,available,,2025-11-10 09:04:34,2025-11-10 08:50:12
820,W136,Contactor TVH/4066955,Pcs,Linde A-Truck,available,,2025-11-10 09:04:34,2025-11-10 08:50:12
821,W137,Contactor 7915692530,Pcs,Linde E15c,available,,2025-11-10 09:04:34,2025-11-10 08:50:12
822,W138,Contactor 8400132,Pcs,Linde V12,available,,2025-11-10 09:04:34,2025-11-10 08:50:12
823,W139,Contactor 8409938,Pcs,Linde V12,available,,2025-11-10 09:04:34,2025-11-10 08:50:12
824,W140,Contactor 0039703526,Pcs,,available,,2025-11-10 09:04:34,2025-11-10 08:50:12
825,W142,Piston Pump Assy HL3989,Pcs,Linde Handjack,available,,2025-11-10 09:04:34,2025-11-10 08:50:12
826,W151,Control Lever HL4058,Pcs,Linde Handjack,available,,2025-11-10 09:04:34,2025-11-10 08:50:12
827,W156,Retaining Cover HL3952,Pcs,Linde Handjack,available,,2025-11-10 09:04:34,2025-11-10 08:50:12
828,W166,Cardian Joint 0009341301,Pcs,Linde E15C,available,,2025-11-10 09:04:34,2025-11-10 08:50:12
829,W176,Pompa Diersel,Pcs,,available,,2025-11-10 09:04:34,2025-11-10 08:50:12
830,W181,Pre Haeting Timer,Pcs,,available,,2025-11-10 09:04:34,2025-11-10 08:50:12
831,W186,Temperature Sending Unit,Pcs,Niss EH02A25U,available,,2025-11-10 09:04:34,2025-11-10 08:50:12
832,W191,Lever 1133413007,Pcs,,available,,2025-11-10 09:04:34,2025-11-10 08:50:12
833,W196,Sensor As Daewoo K 913988-03,Pcs,,available,,2025-11-10 09:04:34,2025-11-10 08:50:12
834,W206,Pipa Fleksible,Pcs,,available,,2025-11-10 09:04:34,2025-11-10 08:50:12
835,W211,Simpang Empat,Pcs,Toyota 7FD40,available,,2025-11-10 09:04:34,2025-11-10 08:50:12
836,W216,Cylinder Pipe 3354460104,Pcs,Linde E16c,available,,2025-11-10 09:04:34,2025-11-10 08:50:12
837,W217,Pipe Union 9721001308,Pcs,Linde E16c,available,,2025-11-10 09:04:34,2025-11-10 08:50:12
838,W218,Piston 3244521703,Pcs,Linde E16c,available,,2025-11-10 09:04:34,2025-11-10 08:50:12
839,W225,Ball Bearing Joint,Pcs,Linde E16c,available,,2025-11-10 09:04:34,2025-11-10 08:50:12
840,W226,Pin Joint Tilt,Pcs,Linde E16c,available,,2025-11-10 09:04:34,2025-11-10 08:50:12
841,X100,Brake Master 3355045400,Pcs,Linde E16c,available,,2025-11-10 09:04:34,2025-11-10 08:50:12
842,X101,Brake Master Cyl 3355045402,Pcs,Linde E16c,available,,2025-11-10 09:04:35,2025-11-10 08:50:12
843,X102,Brake Master Cyl BP-1398/36902,Pcs,Komatsu,available,,2025-11-10 09:04:35,2025-11-10 08:50:12
844,X103,Brake Master Cylinder 30HB-514000,Pcs,China Forklift,available,,2025-11-10 09:04:35,2025-11-10 08:50:12
845,X105,Brake Master Cylinder 36913-TYB,Pcs,TYT 7FD25,available,,2025-11-10 09:04:35,2025-11-10 08:50:12
846,X105A,Brake Master Cylinder 47210-23320-71J,Pcs,TYT 8FD25,available,,2025-11-10 09:04:35,2025-11-10 08:50:12
847,X151,Brake Shoe 47403-32060-71,Pcs,Kom FD25T-11,available,,2025-11-10 09:04:35,2025-11-10 08:50:12
848,X152,Brake Shoe 47410/20-33900-71,Pcs,TCM FD70Z8,available,,2025-11-10 09:04:35,2025-11-10 08:50:12
849,X153,Brake Shoe 47403-22000-71,Pcs,TYT 8FD25/30,available,,2025-11-10 09:04:35,2025-11-10 08:50:12
850,X153G,Brake Shoes 47403-23320-71G,Pcs,TYT 8FD25/30,available,,2025-11-10 09:04:35,2025-11-10 08:50:12
851,X154,Brake Shoe 30906/RH,Pcs,Niss WGF03,available,,2025-11-10 09:04:35,2025-11-10 08:50:12
852,X155,Brake Shoe 30909/LH,Pcs,Niss WGF03,available,,2025-11-10 09:04:35,2025-11-10 08:50:12
853,X157,Brake Shoe Tich Truck,Pcs,All Forklift,available,,2025-11-10 09:04:35,2025-11-10 08:50:12
854,X159,Brake Shoe 31194 SA,Pcs,Sumitomo FD60,available,,2025-11-10 09:04:35,2025-11-10 08:50:12
855,X172,Brake Pad 3355040400,Pcs,Linde E16c,available,,2025-11-10 09:04:35,2025-11-10 08:50:12
856,X181,Hand Brake Shoes 15783-62061,Pcs,TCM FD70Z8,available,,2025-11-10 09:04:35,2025-11-10 08:50:12
857,X186,Parking Brake Lever 33355170601,Pcs,Linde E16c,available,,2025-11-10 09:04:35,2025-11-10 08:50:12
858,X187,Parking Brake Cover 3355173002,Pcs,Linde E16c,available,,2025-11-10 09:04:35,2025-11-10 08:50:12
859,X191,Brake Pad 31319-20540-71,Pcs,Toyota 8FD25/30,available,,2025-11-10 09:04:35,2025-11-10 08:50:12
860,X192,Pedal Pad TVH/12554642,Pcs,Toyota 8FD25/30,available,,2025-11-10 09:04:35,2025-11-10 08:50:12
861,X196,Parking Cable Adjuster 8FD25/30,Pcs,TYT 8FD25/30,available,,2025-11-10 09:04:35,2025-11-10 08:50:12
862,X201,Brake Wheel 054-6092,Pcs,Daewoo 7 Ton,available,,2025-11-10 09:04:35,2025-11-10 08:50:12
863,X202,Brake Wheel Cyl 30102-KA,Pcs,Kom FD25/30T-11,available,,2025-11-10 09:04:35,2025-11-10 08:50:12
864,X203,Brake Wheel Cyl C-52-11254-52001,Pcs,TCM FD70Z8,available,,2025-11-10 09:04:35,2025-11-10 08:50:12
865,X204,Brake Wheel Cyl 30106-TYB,Pcs,TYT 7FD,available,,2025-11-10 09:04:35,2025-11-10 08:50:12
866,X205,Brake Wheel Cyl 30131 L/H,Pcs,TYT 6FD25/30,available,,2025-11-10 09:04:35,2025-11-10 08:50:12
867,X207,Brake Wheel Cyl 44100-L9000 L/H,Pcs,Niss DF05A60U,available,,2025-11-10 09:04:35,2025-11-10 08:50:12
868,X208,Brake Wheel Cyl (Seal) 3FD115,Pcs,TYT 3FD115,available,,2025-11-10 09:04:35,2025-11-10 08:50:12
869,X209,Brake Wheel Cyl,Pcs,TYT 7FD40,available,,2025-11-10 09:04:35,2025-11-10 08:50:12
870,X253,Fan 894483-8940 TCM,Pcs,,available,,2025-11-10 09:04:35,2025-11-10 08:50:12
871,X254,Fan Forklift 16361-22040 Toyota 2J,Pcs,,available,,2025-11-10 09:04:35,2025-11-10 08:50:12
872,X255,Fan Forklift 16361-23860 Toyota 1DZ,Pcs,,available,,2025-11-10 09:04:35,2025-11-10 08:50:12
873,X256,Fan Radiator 89448-38940,Pcs,TCM FD35Z,available,,2025-11-10 09:04:35,2025-11-10 08:50:12
874,X261,Electric Fan 400/0009761419,Pcs,Linde E15c,available,,2025-11-10 09:04:35,2025-11-10 08:50:12
875,X262,Electric Fan 400/0009761416,Pcs,Linde E15c,available,,2025-11-10 09:04:35,2025-11-10 08:50:12
876,X266,Electric Fan 12V,Pcs,,available,,2025-11-10 09:04:35,2025-11-10 08:50:12
877,X267,Electric Fan 24V,Pcs,,available,,2025-11-10 09:04:35,2025-11-10 08:50:12
878,Y102,Drive Shaft 3720051H00,Pcs,Niss DF06A60U,available,,2025-11-10 09:04:35,2025-11-10 08:50:12
879,Y104,Drive Shaft Copling 8FD30,Pcs,TYT 8FD30,available,,2025-11-10 09:04:35,2025-11-10 08:50:12
880,Y111,Safety Belt Forklift 88822-50A03,Pcs,,available,,2025-11-10 09:04:35,2025-11-10 08:50:12
881,Y112,Safety Belt With Sensor,Pcs,TVH/110TA8613,available,,2025-11-10 09:04:35,2025-11-10 08:50:12
882,Y113,Safety Belt 3514338508,Pcs,Linde E16C,available,,2025-11-10 09:04:35,2025-11-10 08:50:12
883,Y121,Pully 16372-42500-71,Pcs,TYT 7FD40/45,available,,2025-11-10 09:04:35,2025-11-10 08:50:12
884,Y122,Pully 68821-24920-71,Pcs,TYT 8FD30,available,,2025-11-10 09:04:35,2025-11-10 08:50:12
885,Y123,Pully 68302-23620-71,Pcs,TYT 8FD25,available,,2025-11-10 09:04:35,2025-11-10 08:50:12
886,Y151,Mast Bushing 230C8-02001,Pcs,TCM FD70Z8,available,,2025-11-10 09:04:35,2025-11-10 08:50:12
887,Y152,Mast Bushing 76149-10110-71,Pcs,TYT 7FD25,available,,2025-11-10 09:04:35,2025-11-10 08:50:12
888,Y153,Mast Bushing 61251-33060-71,Pcs,TYT 7FD30,available,,2025-11-10 09:04:35,2025-11-10 08:50:12
889,Y161,Dust Cover 17704-30510-71,Pcs,,available,,2025-11-10 09:04:35,2025-11-10 08:50:12
890,Y166,Damping Element/Gas Rod60032056,Pcs,Octobergheinrich,available,,2025-11-10 09:04:35,2025-11-10 08:50:12
891,Y172,Exhaust Gakset S6S,Pcs,CAT DP50KT,available,,2025-11-10 09:04:35,2025-11-10 08:50:12
892,Y175,Head Gasket 1DZ2  11115-78204-71,Pcs,TYT 8DD25/30,available,,2025-11-10 09:04:35,2025-11-10 08:50:12
893,Y176,Head Gasket 2Z 11115-78701-71,Pcs,TYT 8DD25/30,available,,2025-11-10 09:04:35,2025-11-10 08:50:12
894,Y177,Head Gasket 6BG1,Pcs,TCM FD70Z8,available,,2025-11-10 09:04:35,2025-11-10 08:50:12
895,Y178,Head Gasket Mith S4S 32A01-02204J,Pcs,CAT DP30NT,available,,2025-11-10 09:04:35,2025-11-10 08:50:12
896,Y181,Pin Mast + Fitting Grease,Pcs,TYT 8FD25,available,,2025-11-10 09:04:35,2025-11-10 08:50:12
897,Y201,Radiator Assy 4D94E,Pcs,Komatsu FD30T-14,available,,2025-11-10 09:04:35,2025-11-10 08:50:12
898,Y202,Radiator Assy 1DZ-2,Pcs,TYT 8FD25/30,available,,2025-11-10 09:04:35,2025-11-10 08:50:13
899,Y211,Louver 17831-23320-71,Pcs,TYT 8FD25/30,available,,2025-11-10 09:04:35,2025-11-10 08:50:13
900,Y221,Side Cover RH 58731-26600-71,Pcs,TYT 8FD25/30,available,,2025-11-10 09:04:35,2025-11-10 08:50:13
901,Y222,Side Cover LH 58741-26600-71,Pcs,TYT 8FD25/30,available,,2025-11-10 09:04:35,2025-11-10 08:50:13
902,Z101,Ace Battery Charger 24V100T,Pcs,,available,,2025-11-10 09:04:35,2025-11-10 08:50:13
903,Z151,Oil Engine Total Rubia S40,Pcs,,available,,2025-11-10 09:04:35,2025-11-10 08:50:13
904,Z152,Oil Hydraulic Total Azolla ZS68,Pcs,,available,,2025-11-10 09:04:35,2025-11-10 08:50:13
905,Z153,Oil Transmission Fluide ATX (18L),Pcs,,available,,2025-11-10 09:04:35,2025-11-10 08:50:13
906,Z154,Oil Gear 140 Total EP85W-140 (18L),Pcs,,available,,2025-11-10 09:04:35,2025-11-10 08:50:13
907,Z155,Oil Engine Mobil S1000 (4L),Pcs,,available,,2025-11-10 09:04:35,2025-11-10 08:50:13
908,Z181,Load Guard Toyota FD25,Pcs,,available,,2025-11-10 09:04:35,2025-11-10 08:50:13
909,Z182,Load Guard Toyota FD30,Pcs,,available,,2025-11-10 09:04:35,2025-11-10 08:50:13
910,Z191,Fork Forklift 2.5/3.0 Ton,Pcs,,available,,2025-11-10 09:04:35,2025-11-10 08:50:13
911,Z201,Tyre 500x8 Anjie,Pcs,,available,,2025-11-10 09:04:35,2025-11-10 08:50:13
912,Z202,Tyre 600x9 Anjie,Pcs,,available,,2025-11-10 09:04:35,2025-11-10 08:50:13
913,Z202A,Tyre 600x9 Tokai,Pcs,,available,,2025-11-10 09:04:35,2025-11-10 08:50:13
914,Z203,Tyre 750x15 Anjie.,Pcs,,available,,2025-11-10 09:04:35,2025-11-10 08:50:13
915,Z204A,Tyre 700x12 Tokai,Pcs,,available,,2025-11-10 09:04:35,2025-11-10 08:50:13
916,Z205,Tyre 300x15 Anjie,Pcs,,available,,2025-11-10 09:04:35,2025-11-10 08:50:13
917,Z206,Tyre 650x10 Anjie,Pcs,,available,,2025-11-10 09:04:35,2025-11-10 08:50:13
918,Z206A,Tyre 650x10 Tokai,Pcs,,available,,2025-11-10 09:04:35,2025-11-10 08:50:13
919,Z206B,Tyre 650x10 Loc Type,Pcs,,available,,2025-11-10 09:04:35,2025-11-10 08:50:13
920,Z207,Tyre 700x15,Pcs,,available,,2025-11-10 09:04:35,2025-11-10 08:50:13
921,Z208,Tyre 815x15 Anjie,Pcs,,available,,2025-11-10 09:04:35,2025-11-10 08:50:13
922,Z208A,Tyre 815 x 15 Tokai,Pcs,,available,,2025-11-10 09:04:35,2025-11-10 08:50:13
923,Z208B,Tyre 815x15 Loc Type,Pcs,,available,,2025-11-10 09:04:35,2025-11-10 08:50:13
924,Z211,Tyre 18x7-8 Master Solid,Pcs,,available,,2025-11-10 09:04:35,2025-11-10 08:50:13
925,Z211A,Tyre 18x7-8 NM Elite XP Solid,Pcs,,available,,2025-11-10 09:04:35,2025-11-10 08:50:13
926,Z212,Tyre 15x4.5-8 Master Solid,Pcs,,available,,2025-11-10 09:04:35,2025-11-10 08:50:13
927,Z212A,Tyre 15x4.5-8 NM Elite XP Solid,Pcs,,available,,2025-11-10 09:04:35,2025-11-10 08:50:13
928,Z213,Tyre 825x15 Anjie,Pcs,,available,,2025-11-10 09:04:35,2025-11-10 08:50:13
929,Z216,Tyre 900x20 Anjie,Pcs,,available,,2025-11-10 09:04:35,2025-11-10 08:50:13
930,Z217,Tyre 1000x20 Anjie,Pcs,,available,,2025-11-10 09:04:35,2025-11-10 08:50:13
931,Z218,Tyre 23x9-10 Loc Type,Pcs,,available,,2025-11-10 09:04:35,2025-11-10 08:50:13
932,Z219,Tyre 27x10-12 Anjie,Pcs,,available,,2025-11-10 09:04:35,2025-11-10 08:50:13
933,Z220,Tyre 16x6-8 Loc,Pcs,Linde E20,available,,2025-11-10 09:04:35,2025-11-10 08:50:13
934,Z221,Tyre 200/50-10,Pcs,Linde E20,available,,2025-11-10 09:19:33,2025-11-10 08:50:13
953,TMI-1,Oli Mesin,,Input Oleh Teknisi admin,,,2025-11-13 15:57:02,2025-11-13 15:57:02
954,TMI-2,Filter Oli,,Input Oleh Teknisi admin,,,2025-11-13 15:57:02,2025-11-13 15:57:02
955,TMI-3,Filter Solar,,Input Oleh Teknisi admin,,,2025-11-13 15:57:02,2025-11-13 15:57:02
956,TMI-4,Oli Hidrolik,,Input Oleh Teknisi admin,,,2025-11-13 15:57:02,2025-11-13 15:57:02
957,TMI-5,Per Pedal Kopling,,Input Oleh Teknisi admin,,,2025-11-13 15:57:02,2025-11-13 15:57:02
958,TMI-6,Bola Lampu H3,,Input Oleh Teknisi admin,,,2025-11-13 16:00:27,2025-11-13 16:00:27
959,TMI-7,Oli Transmisi,,Input Oleh Teknisi admin,,,2025-11-13 16:00:27,2025-11-13 16:00:27
960,TMI-8,Switch Oli,,Input Oleh Teknisi admin,,,2025-11-13 16:01:57,2025-11-13 16:01:57
961,TMI-9,Converter Hose ATF,,Input Oleh Teknisi admin,,,2025-11-13 16:03:27,2025-11-13 16:03:27
962,TMI-10,Panel Meter Set,,Input Oleh Teknisi admin,,,2025-11-13 16:09:00,2025-11-13 16:09:00
963,TMI-11,King Pin Kiri,,Input Oleh Teknisi admin,,,2025-11-13 16:13:28,2025-11-13 16:13:28
964,TMI-12,APAR,,Input Oleh Teknisi admin,,,2025-11-13 16:19:02,2025-11-13 16:19:02
965,TMI-13,CAT Body,,Input Oleh Teknisi admin,,,2025-11-13 16:19:02,2025-11-13 16:19:02
966,TMI-14,Ban Belakang 200x50-10,,Input Oleh Teknisi admin,,,2025-11-13 16:32:59,2025-11-13 16:32:59
967,TMI-15,Kipas Angin,,Input Oleh Teknisi admin,,,2025-11-13 16:35:35,2025-11-13 16:35:35
968,TMI-16,Lever Stick Maju Mundur,,Input Oleh Teknisi admin,,,2025-11-13 16:35:35,2025-11-13 16:35:35
969,TMI-17,Bearing Motor Traction,,Input Oleh Teknisi admin,,,2025-11-13 16:39:59,2025-11-13 16:39:59
970,TMI-18,Oli Gardan,,Input Oleh Teknisi admin,,,2025-11-13 16:39:59,2025-11-13 16:39:59
971,TMI-19,Cek,,Input Oleh Teknisi admin,,,2025-11-14 11:05:33,2025-11-14 11:05:33
972,TMI-20,Baut Mast + M16x20,,Input Oleh Teknisi admin,,,2025-11-14 11:24:47,2025-11-14 11:24:47
973,TMI-21,engine overhaul gasket 1DZ-2,,Input Oleh Teknisi Jerry,,,2025-11-14 14:57:10,2025-11-14 14:57:10
974,TMI-22,Tali Gas 8FD 1DZ-2,,Input Oleh Teknisi Jerry,,,2025-11-14 14:57:10,2025-11-14 14:57:10
975,TMI-23,Alternator Socket (3Pin Model),,Input Oleh Teknisi Jerry,,,2025-11-14 14:57:10,2025-11-14 14:57:10
976,TMI-24,Teflon Side Shit (Bawah),,Input Oleh Teknisi Jerry,,,2025-11-14 14:57:10,2025-11-14 14:57:10
977,TMI-25,Teflon Side Shift (Atas) / Bush Side Shift Atas,,Input Oleh Teknisi Jerry,,,2025-11-14 14:57:10,2025-11-14 14:57:10
978,TMI-26,Water Pump Unit (1 Set+Housing) 1DZ,,Input Oleh Teknisi Jerry,,,2025-11-14 14:57:10,2025-11-14 14:57:10
979,TMI-27,Glow Plug Relay (Original) Toyota,,Input Oleh Teknisi Jerry,,,2025-11-14 14:57:10,2025-11-14 14:57:10
980,TMI-28,Engine Oil Cap / Tutup Oli Mesin Toyota 1- DZ,,Input Oleh Teknisi Jerry,,,2025-11-14 14:57:10,2025-11-14 14:57:10
981,TMI-29,Hose 12MM Roll,,Input Oleh Teknisi Jerry,,,2025-11-14 14:57:10,2025-11-14 14:57:10
982,TMI-30,Pin Klakson / Contact Horn,,Input Oleh Teknisi Jerry,,,2025-11-14 14:57:10,2025-11-14 14:57:10
983,TMI-31,Tilt Cylinder Seal Kit / Seal Tilt Cylinder,,Input Oleh Teknisi admin,,,2025-11-14 15:02:58,2025-11-14 15:02:58
984,TMI-32,Steering Cylinder / Cyinder Steering  Seal Kit,,Input Oleh Teknisi admin,,,2025-11-14 15:02:58,2025-11-14 15:02:58
985,TMI-33,Main Lift Cylinder Sealkit / Front Lift Cylinder Sealkit,,Input Oleh Teknisi admin,,,2025-11-14 15:02:58,2025-11-14 15:02:58
986,TMI-34,Bearing Roda Belakang (IN),,Input Oleh Teknisi admin,,,2025-11-14 15:02:58,2025-11-14 15:02:58
987,TMI-35,Seal Klep / Valve Seal,,Input Oleh Teknisi admin,,,2025-11-14 15:02:58,2025-11-14 15:02:58
988,TMI-36,Head Gasket / Paking Head 1DZ-2,,Input Oleh Teknisi admin,,,2025-11-14 15:02:58,2025-11-14 15:02:58
989,TMI-37,Radiator Cap/Tutup Radiator Toyota,,Input Oleh Teknisi admin,,,2025-11-14 15:06:47,2025-11-14 15:06:47
990,TMI-38,Bulb 1pin 12v / bohlam 1pin 12v,,Input Oleh Teknisi admin,,,2025-11-14 15:06:47,2025-11-14 15:06:47
991,TMI-39,bulb 2pin 12v / bohlam 2pin 12v,,Input Oleh Teknisi admin,,,2025-11-14 15:06:47,2025-11-14 15:06:47
992,TMI-40,Ban Belakang 600,,Input Oleh Teknisi admin,,,2025-11-14 15:16:53,2025-11-14 15:16:53
993,TMI-41,Baut velg/baut pelek,,Input Oleh Teknisi admin,,,2025-11-14 15:16:53,2025-11-14 15:16:53
994,TMI-42,mount transmisi/transmission mount,,Input Oleh Teknisi admin,,,2025-11-14 15:16:53,2025-11-14 15:16:53
995,TMI-43,Baut velg/baut pelek,,Input Oleh Teknisi admin,,,2025-11-14 15:16:53,2025-11-14 15:16:53
996,TMI-44,engine mount/karet mounting mesin,,Input Oleh Teknisi admin,,,2025-11-14 15:16:54,2025-11-14 15:16:54
997,TMI-45,engine mount/karet mounting mesin,,Input Oleh Teknisi admin,,,2025-11-14 15:16:54,2025-11-14 15:16:54
998,TMI-46,Parking Brake Cable Toyota 8FD25/30 (RH),,Input Oleh Teknisi admin,,,2025-11-14 15:16:54,2025-11-14 15:16:54
999,TMI-47,inching seal/seal inching,,Input Oleh Teknisi admin,,,2025-11-14 15:16:54,2025-11-14 15:16:54
1000,TMI-48,inching seal/seal inching,,Input Oleh Teknisi admin,,,2025-11-14 15:16:54,2025-11-14 15:16:54
1001,TMI-49,axle bushing / axle bush,,Input Oleh Teknisi admin,,,2025-11-14 15:16:54,2025-11-14 15:16:54
1002,TMI-50,transmission seal//seal transmisi (In/belakang/converter),,Input Oleh Teknisi admin,,,2025-11-14 15:16:54,2025-11-14 15:16:54
1003,TMI-51,Seal Crankshaft (Belakang),,Input Oleh Teknisi admin,,,2025-11-14 15:16:54,2025-11-14 15:16:54
1004,TMI-52,axle bushing / axle bush,,Input Oleh Teknisi admin,,,2025-11-14 15:16:54,2025-11-14 15:16:54
1005,TMI-53,Gear Oil/Oli Gardan,,Input Oleh Teknisi admin,,,2025-11-14 15:16:54,2025-11-14 15:16:54
1006,TMI-54,steering pin & bush / pin steering & bushing pin steering,,Input Oleh Teknisi admin,,,2025-11-14 15:16:54,2025-11-14 15:16:54
1007,TMI-55,Hose 13MM,,Input Oleh Teknisi admin,,,2025-11-14 15:16:54,2025-11-14 15:16:54
1008,TMI-56,Seal Crankshaft (Belakang),,Input Oleh Teknisi admin,,,2025-11-14 15:16:54,2025-11-14 15:16:54
1009,TMI-57,Seal Gardan,,Input Oleh Teknisi admin,,,2025-11-14 15:16:54,2025-11-14 15:16:54
1010,TMI-58,Gear Oil/Oli Gardan,,Input Oleh Teknisi admin,,,2025-11-14 15:16:54,2025-11-14 15:16:54
1011,TMI-59,Fuel Hand Pump/Pompa Solar Tangan,,Input Oleh Teknisi admin,,,2025-11-14 15:16:54,2025-11-14 15:16:54
1012,TMI-60,Hose 13MM,,Input Oleh Teknisi admin,,,2025-11-14 15:16:54,2025-11-14 15:16:54
1013,TMI-61,Bushing Handle Control Valve,,Input Oleh Teknisi admin,,,2025-11-14 15:18:39,2025-11-14 15:18:39
1014,TMI-62,Radiator Hose/Hose Radiator Bawah,,Input Oleh Teknisi admin,,,2025-11-14 15:18:39,2025-11-14 15:18:39
1015,TMI-63,Control Valve Seal Kit,,Input Oleh Teknisi admin,,,2025-11-14 15:19:50,2025-11-14 15:19:50
1016,TMI-64,Side Shift Cylnder Seal Kit,,Input Oleh Teknisi admin,,,2025-11-14 15:19:50,2025-11-14 15:19:50
1017,TMI-65,Bulb 1pin 24V / Bohlam 1pin 24V,,Input Oleh Teknisi admin,,,2025-11-14 15:22:44,2025-11-14 15:22:44
1018,TMI-66,Bulb 2pin 24V / Bohlam 2pin 24V,,Input Oleh Teknisi admin,,,2025-11-14 15:22:44,2025-11-14 15:22:44